,Date,Actual,Predicted
0,2013-01-29,[28.45000076],[29.04040653]
1,2013-01-30,[27.94000053],[28.72210836]
2,2013-01-31,[28.09000015],[28.25401252]
3,2013-02-01,[28.17000008],[28.1562522]
4,2013-02-04,[27.95999908],[28.2592624]
5,2013-02-05,[28.59000015],[28.19375843]
6,2013-02-06,[28.52000046],[28.47724062]
7,2013-02-07,[28.46999931],[28.63662654]
8,2013-02-08,[28.56999969],[28.62052814]
9,2013-02-11,[28.53000069],[28.63943405]
10,2013-02-12,[28.54999924],[28.64756731]
11,2013-02-13,[28.67000008],[28.65986194]
12,2013-02-14,[27.75],[28.7360253]
13,2013-02-15,[27.76000023],[28.23860682]
14,2013-02-19,[27.68000031],[27.91838909]
15,2013-02-20,[27.10000038],[27.82876466]
16,2013-02-21,[26.51000023],[27.50089741]
17,2013-02-22,[27.11000061],[26.95866632]
18,2013-02-25,[26.32999992],[27.0523448]
19,2013-02-26,[26.82999992],[26.80076648]
20,2013-02-27,[27.39999962],[26.86780195]
21,2013-02-28,[27.14999962],[27.29512429]
22,2013-03-01,[27.20999908],[27.3927719]
23,2013-03-04,[27.09000015],[27.36851535]
24,2013-03-05,[27.57999992],[27.28095233]
25,2013-03-06,[27.90999985],[27.52582679]
26,2013-03-07,[27.87999916],[27.89170734]
27,2013-03-08,[28.],[28.02851474]
28,2013-03-11,[28.30999947],[28.08991331]
29,2013-03-12,[28.37000084],[28.29365758]
30,2013-03-13,[28.06999969],[28.45131108]
31,2013-03-14,[28.15999985],[28.31958178]
32,2013-03-15,[28.20999908],[28.25753665]
33,2013-03-18,[28.04000092],[28.30036289]
34,2013-03-19,[28.10000038],[28.23941883]
35,2013-03-20,[29.20000076],[28.21762511]
36,2013-03-21,[28.62999916],[28.86498574]
37,2013-03-22,[28.21999931],[28.93616195]
38,2013-03-25,[28.15999985],[28.54194533]
39,2013-03-26,[28.14999962],[28.28695351]
40,2013-03-27,[28.05999947],[28.25810169]
41,2013-03-28,[27.81999969],[28.23686199]
42,2013-04-01,[27.79999924],[28.06886117]
43,2013-04-02,[27.93000031],[27.95454174]
44,2013-04-03,[27.79999924],[28.00764939]
45,2013-04-04,[27.73999977],[27.98794174]
46,2013-04-05,[27.52000046],[27.91605009]
47,2013-04-08,[27.59000015],[27.7516718]
48,2013-04-09,[27.53000069],[27.71175197]
49,2013-04-10,[28.37000084],[27.69544975]
50,2013-04-11,[29.71999931],[28.16974678]
51,2013-04-12,[29.62000084],[29.24586618]
52,2013-04-15,[28.90999985],[29.72511649]
53,2013-04-16,[29.46999931],[29.30630253]
54,2013-04-17,[29.27000046],[29.31947407]
55,2013-04-18,[28.97999954],[29.38781716]
56,2013-04-19,[29.14999962],[29.22514986]
57,2013-04-22,[29.25],[29.19803809]
58,2013-04-23,[29.85000038],[29.29590619]
59,2013-04-24,[30.45000076],[29.7106144]
60,2013-04-25,[30.70999908],[30.28993692]
61,2013-04-26,[30.5],[30.68298441]
62,2013-04-29,[30.79000092],[30.64806646]
63,2013-04-30,[30.84000015],[30.73050977]
64,2013-05-01,[30.18000031],[30.86160132]
65,2013-05-02,[31.15999985],[30.5101354]
66,2013-05-03,[32.09999847],[30.85801149]
67,2013-05-06,[31.81999969],[31.76781806]
68,2013-05-07,[31.64999962],[32.01263803]
69,2013-05-08,[32.08000183],[31.78144207]
70,2013-05-09,[31.64999962],[31.91702626]
71,2013-05-10,[31.42000008],[31.83970432]
72,2013-05-13,[31.],[31.57968026]
73,2013-05-14,[31.54999924],[31.19586094]
74,2013-05-15,[32.31000137],[31.38568515]
75,2013-05-16,[32.38999939],[32.06925821]
76,2013-05-17,[33.41999817],[32.43543874]
77,2013-05-20,[33.70000076],[33.08855875]
78,2013-05-21,[33.40000153],[33.6087928]
79,2013-05-22,[33.22999954],[33.55508038]
80,2013-05-23,[32.84999847],[33.3012647]
81,2013-05-24,[32.86999893],[32.98346804]
82,2013-05-28,[33.95999908],[32.88593508]
83,2013-05-29,[34.04999924],[33.59215183]
84,2013-05-30,[34.63999939],[34.07336108]
85,2013-05-31,[33.88999939],[34.48423965]
86,2013-06-03,[34.41999817],[34.16222869]
87,2013-06-04,[34.95999908],[34.22062662]
88,2013-06-05,[34.02000046],[34.75704098]
89,2013-06-06,[34.43999863],[34.42008002]
90,2013-06-07,[35.02999878],[34.29771694]
91,2013-06-10,[34.74000168],[34.78328551]
92,2013-06-11,[33.93000031],[34.89576648]
93,2013-06-12,[33.45000076],[34.25104039]
94,2013-06-13,[34.5],[33.57384137]
95,2013-06-14,[34.29000092],[34.08417274]
96,2013-06-17,[33.72999954],[34.41661571]
97,2013-06-18,[34.00999832],[34.00217304]
98,2013-06-19,[33.65999985],[33.87201976]
99,2013-06-20,[32.56000137],[33.76104625]
100,2013-06-21,[32.20999908],[32.99271362]
101,2013-06-24,[31.42000008],[32.33187243]
102,2013-06-25,[31.81999969],[31.69629374]
103,2013-06-26,[32.54999924],[31.71267053]
104,2013-06-27,[33.09999847],[32.31800529]
105,2013-06-28,[33.31000137],[32.96070928]
106,2013-07-01,[34.],[33.28128061]
107,2013-07-02,[34.09999847],[33.757276]
108,2013-07-03,[34.13999939],[34.0717517]
109,2013-07-05,[34.66999817],[34.15809458]
110,2013-07-08,[34.63999939],[34.48766403]
111,2013-07-09,[34.91999817],[34.67128986]
112,2013-07-10,[35.33000183],[34.85220635]
113,2013-07-11,[36.13999939],[35.19317635]
114,2013-07-12,[36.40000153],[35.87522852]
115,2013-07-15,[36.5],[36.35049561]
116,2013-07-16,[36.18000031],[36.49371678]
117,2013-07-17,[36.36000061],[36.27922443]
118,2013-07-18,[36.84000015],[36.27098285]
119,2013-07-19,[36.61000061],[36.66687058]
120,2013-07-22,[36.75999832],[36.72579244]
121,2013-07-23,[36.61000061],[36.7102422]
122,2013-07-24,[37.13999939],[36.63077694]
123,2013-07-25,[37.08000183],[36.94050301]
124,2013-07-26,[36.66999817],[37.10943443]
125,2013-07-29,[36.38000107],[36.81826382]
126,2013-07-30,[36.5],[36.43135344]
127,2013-07-31,[35.86999893],[36.40716316]
128,2013-08-01,[36.47000122],[36.08481143]
129,2013-08-02,[36.95000076],[36.24224191]
130,2013-08-05,[36.75],[36.76351377]
131,2013-08-06,[35.95999908],[36.85251738]
132,2013-08-07,[35.47999954],[36.21958664]
133,2013-08-08,[36.00999832],[35.5646612]
134,2013-08-09,[36.02000046],[35.76080391]
135,2013-08-12,[35.97999954],[36.03910624]
136,2013-08-13,[35.84000015],[36.0295627]
137,2013-08-14,[35.56999969],[35.85954262]
138,2013-08-15,[34.54999924],[35.62574342]
139,2013-08-16,[34.38000107],[34.88550238]
140,2013-08-19,[34.49000168],[34.39768345]
141,2013-08-20,[34.79000092],[34.41550047]
142,2013-08-21,[34.52999878],[34.70641838]
143,2013-08-22,[34.99000168],[34.65257366]
144,2013-08-23,[35.06000137],[34.81817457]
145,2013-08-26,[34.91999817],[35.01947482]
146,2013-08-27,[33.68999863],[34.98766421]
147,2013-08-28,[33.91999817],[34.12285016]
148,2013-08-29,[34.45000076],[33.79107748]
149,2013-08-30,[34.08000183],[34.2325317]
150,2013-09-03,[34.13999939],[34.27949543]
151,2013-09-04,[35.84999847],[34.15024966]
152,2013-09-05,[36.33000183],[35.20265981]
153,2013-09-06,[36.15000153],[36.20041898]
154,2013-09-09,[36.47999954],[36.29836049]
155,2013-09-10,[37.],[36.33206816]
156,2013-09-11,[36.34999847],[36.77854335]
157,2013-09-12,[36.36999893],[36.6159002]
158,2013-09-13,[36.06000137],[36.36310088]
159,2013-09-16,[36.22000122],[36.12291977]
160,2013-09-17,[36.70999908],[36.15390076]
161,2013-09-18,[37.58000183],[36.541435]
162,2013-09-19,[37.22999954],[37.29751888]
163,2013-09-20,[36.83000183],[37.38727793]
164,2013-09-23,[37.13000107],[36.95051704]
165,2013-09-24,[37.43999863],[36.94800428]
166,2013-09-25,[37.18000031],[37.31579582]
167,2013-09-26,[36.95000076],[37.30540235]
168,2013-09-27,[36.36999893],[37.01174128]
169,2013-09-30,[35.97000122],[36.51067869]
170,2013-10-01,[35.90999985],[36.05754642]
171,2013-10-02,[35.93999863],[35.8925043]
172,2013-10-03,[35.29000092],[35.91663802]
173,2013-10-04,[35.70000076],[35.51661167]
174,2013-10-07,[35.18000031],[35.51865866]
175,2013-10-08,[34.20999908],[35.33461201]
176,2013-10-09,[34.15999985],[34.55178103]
177,2013-10-10,[34.84999847],[34.12029491]
178,2013-10-11,[35.34999847],[34.56624475]
179,2013-10-14,[35.33000183],[35.21633857]
180,2013-10-15,[34.70000076],[35.38890243]
181,2013-10-16,[35.13000107],[34.9096668]
182,2013-10-17,[35.65999985],[34.92035353]
183,2013-10-18,[35.88999939],[35.4579791]
184,2013-10-21,[35.5],[35.86583439]
185,2013-10-22,[35.40999985],[35.66491337]
186,2013-10-23,[35.04999924],[35.40565557]
187,2013-10-24,[35.63000107],[35.14043128]
188,2013-10-25,[35.59000015],[35.42198831]
189,2013-10-28,[35.79999924],[35.62491666]
190,2013-10-29,[36.06000137],[35.75051103]
191,2013-10-30,[37.22999954],[35.95508832]
192,2013-10-31,[36.95000076],[36.81625771]
193,2013-11-01,[37.38999939],[37.09170709]
194,2013-11-04,[37.47000122],[37.25247248]
195,2013-11-05,[37.09000015],[37.40535878]
196,2013-11-06,[36.59000015],[37.22124905]
197,2013-11-07,[35.91999817],[36.74017219]
198,2013-11-08,[36.65999985],[36.09979859]
199,2013-11-11,[36.68000031],[36.35229348]
200,2013-11-12,[36.65999985],[36.68587138]
201,2013-11-13,[38.43999863],[36.70300751]
202,2013-11-14,[38.5],[37.78456276]
203,2013-11-15,[38.77000046],[38.51170003]
204,2013-11-18,[38.56999969],[38.72685812]
205,2013-11-19,[38.00999832],[38.5887725]
206,2013-11-20,[37.68999863],[38.14952618]
207,2013-11-21,[38.11999893],[37.74598441]
208,2013-11-22,[37.63000107],[37.92630903]
209,2013-11-25,[37.54999924],[37.80203831]
210,2013-11-26,[37.66999817],[37.55742766]
211,2013-11-27,[38.84999847],[37.5631876]
212,2013-11-29,[38.72999954],[38.41561616]
213,2013-12-02,[39.11000061],[38.81148376]
214,2013-12-03,[38.13999939],[38.98313485]
215,2013-12-04,[38.70999908],[38.41171269]
216,2013-12-05,[39.09000015],[38.4329819]
217,2013-12-06,[40.16999817],[38.92160591]
218,2013-12-09,[40.90000153],[39.83558567]
219,2013-12-10,[40.40000153],[40.68172524]
220,2013-12-11,[40.15999985],[40.5805199]
221,2013-12-12,[40.04999924],[40.15948872]
222,2013-12-13,[40.04000092],[39.98056836]
223,2013-12-16,[41.43999863],[39.99934271]
224,2013-12-17,[41.52999878],[40.93891695]
225,2013-12-18,[41.27000046],[41.52607506]
226,2013-12-19,[40.29999924],[41.35127275]
227,2013-12-20,[40.99000168],[40.5071082]
228,2013-12-23,[41.29000092],[40.60778452]
229,2013-12-24,[40.88000107],[41.14727034]
230,2013-12-26,[41.52000046],[41.03822028]
231,2013-12-27,[40.93999863],[41.21305849]
232,2013-12-30,[40.68999863],[41.05174527]
233,2013-12-31,[40.86999893],[40.70313808]
234,2014-01-02,[40.95000076],[40.69813139]
235,2014-01-03,[39.56999969],[40.85811411]
236,2014-01-06,[40.40000153],[39.99132799]
237,2014-01-07,[40.20000076],[39.97246861]
238,2014-01-08,[40.41999817],[40.18031144]
239,2014-01-09,[40.49000168],[40.3386696]
240,2014-01-10,[40.02999878],[40.4020095]
241,2014-01-13,[39.58000183],[40.11115209]
242,2014-01-14,[40.02000046],[39.63767846]
243,2014-01-15,[39.38000107],[39.76579612]
244,2014-01-16,[39.],[39.55677546]
245,2014-01-17,[38.59999847],[39.07157675]
246,2014-01-21,[38.34000015],[38.62156601]
247,2014-01-22,[38.79999924],[38.34206521]
248,2014-01-23,[38.41999817],[38.58408703]
249,2014-01-24,[36.83000183],[38.52786893]
250,2014-01-27,[36.75999832],[37.32742282]
251,2014-01-28,[36.81000137],[36.62941679]
252,2014-01-29,[36.34999847],[36.6890991]
253,2014-01-30,[36.84000015],[36.52812312]
254,2014-01-31,[36.08000183],[36.64638619]
255,2014-02-03,[35.25],[36.29952456]
256,2014-02-04,[35.81999969],[35.49633487]
257,2014-02-05,[35.24000168],[35.5322761]
258,2014-02-06,[35.22999954],[35.42877543]
259,2014-02-07,[36.11000061],[35.25222886]
260,2014-02-10,[34.90000153],[35.75897856]
261,2014-02-11,[35.25],[35.3398383]
262,2014-02-12,[35.56000137],[35.11223975]
263,2014-02-13,[35.20000076],[35.38862811]
264,2014-02-14,[35.95000076],[35.35740948]
265,2014-02-18,[36.31000137],[35.69305865]
266,2014-02-19,[36.02999878],[36.17299315]
267,2014-02-20,[36.50999832],[36.15872168]
268,2014-02-21,[36.68999863],[36.32587297]
269,2014-02-24,[36.54999924],[36.60667163]
270,2014-02-25,[36.09999847],[36.61928517]
271,2014-02-26,[36.83000183],[36.2475198]
272,2014-02-27,[36.77000046],[36.53040668]
273,2014-02-28,[36.20000076],[36.79471077]
274,2014-03-03,[36.20999908],[36.43016191]
275,2014-03-04,[36.93000031],[36.15607156]
276,2014-03-05,[37.52000046],[36.62901216]
277,2014-03-06,[37.54000092],[37.34676499]
278,2014-03-07,[37.68999863],[37.58225255]
279,2014-03-10,[37.09000015],[37.61839312]
280,2014-03-11,[35.18000031],[37.25265041]
281,2014-03-12,[34.86000061],[35.79545143]
282,2014-03-13,[34.09000015],[34.8578272]
283,2014-03-14,[34.09000015],[34.28757355]
284,2014-03-17,[34.63000107],[34.10932225]
285,2014-03-18,[35.16999817],[34.44188257]
286,2014-03-19,[34.90999985],[34.99265684]
287,2014-03-20,[35.25999832],[35.02661835]
288,2014-03-21,[35.00999832],[35.11896579]
289,2014-03-24,[35.13999939],[35.06963839]
290,2014-03-25,[34.50999832],[35.09593663]
291,2014-03-26,[34.22000122],[34.73142633]
292,2014-03-27,[34.50999832],[34.311922]
293,2014-03-28,[34.72999954],[34.37982703]
294,2014-03-31,[34.41999817],[34.66771595]
295,2014-04-01,[34.34000015],[34.56932968]
296,2014-04-02,[34.88000107],[34.36520356]
297,2014-04-03,[35.43999863],[34.66030154]
298,2014-04-04,[34.81000137],[35.25797691]
299,2014-04-07,[34.11000061],[35.0839955]
300,2014-04-08,[34.52999878],[34.34785563]
301,2014-04-09,[33.61999893],[34.31363973]
302,2014-04-10,[33.29999924],[33.95044741]
303,2014-04-11,[31.93000031],[33.45227756]
304,2014-04-14,[32.54999924],[32.4042137]
305,2014-04-15,[33.36000061],[32.312018]
306,2014-04-16,[33.97000122],[33.06730454]
307,2014-04-17,[33.97999954],[33.83168925]
308,2014-04-21,[33.97999954],[34.03133738]
309,2014-04-22,[34.22999954],[33.97181492]
310,2014-04-23,[34.38999939],[34.1161583]
311,2014-04-24,[34.16999817],[34.3480976]
312,2014-04-25,[33.72000122],[34.28592722]
313,2014-04-28,[33.75999832],[33.89273202]
314,2014-04-29,[33.99000168],[33.73124035]
315,2014-04-30,[34.47999954],[33.911218]
316,2014-05-01,[34.90000153],[34.3416779]
317,2014-05-02,[34.97000122],[34.78642915]
318,2014-05-05,[34.75],[34.9696542]
319,2014-05-06,[34.75],[34.83144591]
320,2014-05-07,[35.06999969],[34.73480712]
321,2014-05-08,[34.84999847],[34.95111042]
322,2014-05-09,[34.22999954],[34.95484086]
323,2014-05-12,[34.81999969],[34.46752385]
324,2014-05-13,[35.15000153],[34.57895358]
325,2014-05-14,[34.93999863],[35.03054957]
326,2014-05-15,[34.36000061],[35.07075789]
327,2014-05-16,[34.],[34.57087362]
328,2014-05-19,[34.25],[34.08215413]
329,2014-05-20,[33.06999969],[34.13403944]
330,2014-05-21,[33.45999908],[33.52351997]
331,2014-05-22,[33.41999817],[33.33175672]
332,2014-05-23,[33.63000107],[33.41110701]
333,2014-05-27,[33.93999863],[33.59627876]
334,2014-05-28,[34.59000015],[33.85337285]
335,2014-05-29,[34.45000076],[34.36896703]
336,2014-05-30,[34.58000183],[34.52460284]
337,2014-06-02,[34.86000061],[34.54977683]
338,2014-06-03,[35.25999832],[34.74755088]
339,2014-06-04,[36.52000046],[35.13216217]
340,2014-06-05,[36.27000046],[36.10264582]
341,2014-06-06,[36.54999924],[36.41133019]
342,2014-06-09,[36.5],[36.472892]
343,2014-06-10,[36.40000153],[36.48072422]
344,2014-06-11,[36.11999893],[36.43278765]
345,2014-06-12,[35.52000046],[36.21804789]
346,2014-06-13,[35.63000107],[35.71404621]
347,2014-06-16,[36.06000137],[35.55567976]
348,2014-06-17,[36.36000061],[35.89390567]
349,2014-06-18,[36.29999924],[36.28594935]
350,2014-06-19,[36.36999893],[36.34150889]
351,2014-06-20,[36.22000122],[36.32197669]
352,2014-06-23,[36.66999817],[36.24229339]
353,2014-06-24,[36.58000183],[36.49886981]
354,2014-06-25,[37.09000015],[36.61729891]
355,2014-06-26,[36.90000153],[36.91608794]
356,2014-06-27,[36.61999893],[36.9592148]
357,2014-06-30,[36.29999924],[36.70774274]
358,2014-07-01,[37.59000015],[36.36807056]
359,2014-07-02,[37.74000168],[37.10182193]
360,2014-07-03,[37.74000168],[37.72717151]
361,2014-07-07,[37.43999863],[37.79077289]
362,2014-07-08,[37.58000183],[37.49465844]
363,2014-07-09,[37.97000122],[37.46788712]
364,2014-07-10,[37.75],[37.81696402]
365,2014-07-11,[37.95000076],[37.84750277]
366,2014-07-14,[37.70000076],[37.86340134]
367,2014-07-15,[37.58000183],[37.74385195]
368,2014-07-16,[37.47999954],[37.59066207]
369,2014-07-17,[37.09999847],[37.47676075]
370,2014-07-18,[37.40999985],[37.20075918]
371,2014-07-21,[37.43000031],[37.26184859]
372,2014-07-22,[37.75999832],[37.39924154]
373,2014-07-23,[37.40999985],[37.64091958]
374,2014-07-24,[35.74000168],[37.51463409]
375,2014-07-25,[35.06999969],[36.27550394]
376,2014-07-28,[34.90000153],[35.18017872]
377,2014-07-29,[34.45000076],[34.85957028]
378,2014-07-30,[34.31000137],[34.62057502]
379,2014-07-31,[33.81999969],[34.37395383]
380,2014-08-01,[33.43999863],[33.96751616]
381,2014-08-04,[33.61000061],[33.5504875]
382,2014-08-05,[33.36000061],[33.52866798]
383,2014-08-06,[33.40000153],[33.45986765]
384,2014-08-07,[33.11000061],[33.40805182]
385,2014-08-08,[33.52999878],[33.21656509]
386,2014-08-11,[33.79999924],[33.382593]
387,2014-08-12,[33.70000076],[33.71512281]
388,2014-08-13,[33.95000076],[33.77589107]
389,2014-08-14,[33.95000076],[33.87349268]
390,2014-08-15,[33.84000015],[33.94987727]
391,2014-08-18,[34.40000153],[33.89976269]
392,2014-08-19,[34.56999969],[34.20867677]
393,2014-08-20,[34.52999878],[34.52864999]
394,2014-08-21,[34.59999847],[34.58162797]
395,2014-08-22,[34.24000168],[34.57858322]
396,2014-08-25,[34.66999817],[34.36475747]
397,2014-08-26,[34.84999847],[34.51817712]
398,2014-08-27,[34.70999908],[34.79776095]
399,2014-08-28,[34.68000031],[34.79676347]
400,2014-08-29,[34.79999924],[34.6935805]
401,2014-09-02,[34.79999924],[34.74283111]
402,2014-09-03,[34.47000122],[34.80860377]
403,2014-09-04,[34.63000107],[34.60450901]
404,2014-09-05,[34.58000183],[34.56647042]
405,2014-09-08,[33.24000168],[34.59217414]
406,2014-09-09,[33.06999969],[33.73837321]
407,2014-09-10,[33.29000092],[33.10520806]
408,2014-09-11,[33.61000061],[33.17161859]
409,2014-09-12,[33.27000046],[33.53964187]
410,2014-09-15,[33.63000107],[33.45163437]
411,2014-09-16,[33.70999908],[33.50784313]
412,2014-09-17,[33.84999847],[33.66792798]
413,2014-09-18,[34.02999878],[33.82749113]
414,2014-09-19,[33.93999863],[33.98628992]
415,2014-09-22,[33.43999863],[33.98747227]
416,2014-09-23,[33.22000122],[33.63226795]
417,2014-09-24,[33.65000153],[33.29609428]
418,2014-09-25,[32.86999893],[33.49142992]
419,2014-09-26,[33.16999817],[33.19103885]
420,2014-09-29,[32.22000122],[33.09454747]
421,2014-09-30,[31.94000053],[32.5604935]
422,2014-10-01,[32.49000168],[32.06928788]
423,2014-10-02,[33.18000031],[32.28980838]
424,2014-10-03,[33.75999832],[32.96595657]
425,2014-10-06,[33.75],[33.61478225]
426,2014-10-07,[31.77000046],[33.79382124]
427,2014-10-08,[32.18000031],[32.49561091]
428,2014-10-09,[31.03000069],[31.99147977]
429,2014-10-10,[30.29000092],[31.43329486]
430,2014-10-13,[29.79000092],[30.67419386]
431,2014-10-14,[30.11000061],[30.0372712]
432,2014-10-15,[29.69000053],[30.04849106]
433,2014-10-16,[29.94000053],[29.93534885]
434,2014-10-17,[30.23999977],[29.9560425]
435,2014-10-20,[30.34000015],[30.18235662]
436,2014-10-21,[30.84000015],[30.3696376]
437,2014-10-22,[31.30999947],[30.71789429]
438,2014-10-23,[30.93000031],[31.17774198]
439,2014-10-24,[30.04000092],[31.13414444]
440,2014-10-27,[30.07999992],[30.44221712]
441,2014-10-28,[31.17000008],[30.10805673]
442,2014-10-29,[30.71999931],[30.79150054]
443,2014-10-30,[30.78000069],[30.97863692]
444,2014-10-31,[31.39999962],[30.87276433]
445,2014-11-03,[31.18000031],[31.18479904]
446,2014-11-04,[30.81999969],[31.30039853]
447,2014-11-05,[30.72999954],[31.0377302]
448,2014-11-06,[31.37000084],[30.81041685]
449,2014-11-07,[31.59000015],[31.16582941]
450,2014-11-10,[31.12000084],[31.56668943]
451,2014-11-11,[31.35000038],[31.38143357]
452,2014-11-12,[31.42000008],[31.30901016]
453,2014-11-13,[31.64999962],[31.41138849]
454,2014-11-14,[31.79000092],[31.62498168]
455,2014-11-17,[32.31000137],[31.79668939]
456,2014-11-18,[32.27000046],[32.1618696]
457,2014-11-19,[32.15000153],[32.32335864]
458,2014-11-20,[32.13000107],[32.24202263]
459,2014-11-21,[32.13000107],[32.16175145]
460,2014-11-24,[32.18999863],[32.15858939]
461,2014-11-25,[32.22999954],[32.21214125]
462,2014-11-26,[32.06999969],[32.26030873]
463,2014-11-28,[33.43000031],[32.17022928]
464,2014-12-01,[32.93999863],[32.95527311]
465,2014-12-02,[33.25999832],[33.15989565]
466,2014-12-03,[33.63999939],[33.20915571]
467,2014-12-04,[33.09000015],[33.48793723]
468,2014-12-05,[33.93000031],[33.31888306]
469,2014-12-08,[32.68000031],[33.65470529]
470,2014-12-09,[32.81000137],[33.15058394]
471,2014-12-10,[31.96999931],[32.79595034]
472,2014-12-11,[32.18999863],[32.25993012]
473,2014-12-12,[31.56999969],[32.14844859]
474,2014-12-15,[31.],[31.8332173]
475,2014-12-16,[30.72999954],[31.27201802]
476,2014-12-17,[31.14999962],[30.86073371]
477,2014-12-18,[31.75],[31.03035188]
478,2014-12-19,[32.81000137],[31.58222631]
479,2014-12-22,[33.22999954],[32.47694863]
480,2014-12-23,[33.56000137],[33.11922002]
481,2014-12-24,[33.43000031],[33.4755612]
482,2014-12-26,[33.72999954],[33.48511485]
483,2014-12-29,[34.59999847],[33.62938958]
484,2014-12-30,[35.09000015],[34.30144357]
485,2014-12-31,[34.90999985],[34.96767742]
486,2015-01-02,[34.84000015],[35.03250361]
487,2015-01-05,[34.33000183],[34.86407118]
488,2015-01-06,[34.84999847],[34.48925929]
489,2015-01-07,[35.84000015],[34.66282854]
490,2015-01-08,[36.20000076],[35.50807654]
491,2015-01-09,[35.59000015],[36.14238124]
492,2015-01-12,[35.84000015],[35.84667761]
493,2015-01-13,[35.25],[35.70371176]
494,2015-01-14,[34.29999924],[35.41954032]
495,2015-01-15,[33.43000031],[34.64525309]
496,2015-01-16,[33.68000031],[33.70258772]
497,2015-01-20,[33.93000031],[33.54733741]
498,2015-01-21,[33.88999939],[33.85516542]
499,2015-01-22,[33.81999969],[33.96373716]
500,2015-01-23,[33.75],[33.86055607]
501,2015-01-26,[33.70000076],[33.75613793]
502,2015-01-27,[33.41999817],[33.71410665]
503,2015-01-28,[32.84000015],[33.53565208]
504,2015-01-29,[33.15999985],[33.06268563]
505,2015-01-30,[32.61999893],[33.0407197]
506,2015-02-02,[33.11000061],[32.83110491]
507,2015-02-03,[33.97999954],[32.9717622]
508,2015-02-04,[35.83000183],[33.67235137]
509,2015-02-05,[36.25],[35.2000443]
510,2015-02-06,[36.],[36.17263851]
511,2015-02-09,[36.],[36.14059021]
512,2015-02-10,[37.52000046],[35.94969416]
513,2015-02-11,[37.66999817],[36.94864471]
514,2015-02-12,[38.02000046],[37.698556]
515,2015-02-13,[37.61999893],[37.98059798]
516,2015-02-17,[37.24000168],[37.7329632]
517,2015-02-18,[37.18999863],[37.32536222]
518,2015-02-19,[37.50999832],[37.1663111]
519,2015-02-20,[37.65000153],[37.39033572]
520,2015-02-23,[37.68999863],[37.6182554]
521,2015-02-24,[37.75],[37.67833081]
522,2015-02-25,[37.86000061],[37.69948095]
523,2015-02-26,[37.56000137],[37.79090774]
524,2015-02-27,[37.31000137],[37.64592121]
525,2015-03-02,[37.61000061],[37.36222338]
526,2015-03-03,[37.79999924],[37.45455732]
527,2015-03-04,[37.56999969],[37.71903534]
528,2015-03-05,[37.61000061],[37.65548213]
529,2015-03-06,[36.84000015],[37.55903291]
530,2015-03-09,[37.65999985],[37.05654557]
531,2015-03-10,[37.54999924],[37.32104897]
532,2015-03-11,[37.77999878],[37.5766924]
533,2015-03-12,[38.43000031],[37.71991635]
534,2015-03-13,[38.04999924],[38.17149733]
535,2015-03-16,[38.58000183],[38.17534628]
536,2015-03-17,[38.29000092],[38.37375519]
537,2015-03-18,[38.5],[38.35579456]
538,2015-03-19,[38.65000153],[38.4072672]
539,2015-03-20,[38.86999893],[38.56468122]
540,2015-03-23,[38.59000015],[38.78006085]
541,2015-03-24,[37.84999847],[38.66973449]
542,2015-03-25,[37.38000107],[38.05581517]
543,2015-03-26,[37.34999847],[37.45029315]
544,2015-03-27,[37.31000137],[37.28354529]
545,2015-03-30,[37.68000031],[37.30117111]
546,2015-03-31,[37.5],[37.54023605]
547,2015-04-01,[36.74000168],[37.54352025]
548,2015-04-02,[36.5],[36.96728553]
549,2015-04-06,[36.65999985],[36.49899034]
550,2015-04-07,[35.72999954],[36.5383058]
551,2015-04-08,[36.11000061],[36.05436333]
552,2015-04-09,[36.29000092],[35.94221542]
553,2015-04-10,[36.56999969],[36.17796746]
554,2015-04-13,[36.40000153],[36.48683616]
555,2015-04-14,[36.47999954],[36.46266236]
556,2015-04-15,[36.93999863],[36.4209771]
557,2015-04-16,[37.08000183],[36.74427653]
558,2015-04-17,[36.63999939],[37.03979248]
559,2015-04-20,[37.11000061],[36.80468382]
560,2015-04-21,[37.15999985],[36.90294074]
561,2015-04-22,[37.15999985],[37.11709803]
562,2015-04-23,[35.91999817],[37.17675821]
563,2015-04-24,[35.59000015],[36.33319488]
564,2015-04-27,[35.77999878],[35.62238874]
565,2015-04-28,[35.72000122],[35.63885014]
566,2015-04-29,[35.50999832],[35.76099864]
567,2015-04-30,[35.06000137],[35.60589233]
568,2015-05-01,[35.41999817],[35.18505594]
569,2015-05-04,[35.40000153],[35.24362243]
570,2015-05-05,[35.00999832],[35.39904773]
571,2015-05-06,[34.77000046],[35.16997317]
572,2015-05-07,[34.88000107],[34.83007252]
573,2015-05-08,[35.31999969],[34.80257163]
574,2015-05-11,[35.22000122],[35.16401016]
575,2015-05-12,[34.74000168],[35.28594192]
576,2015-05-13,[34.79999924],[34.91843008]
577,2015-05-14,[34.65000153],[34.73866688]
578,2015-05-15,[34.90999985],[34.68194533]
579,2015-05-18,[35.04999924],[34.83442334]
580,2015-05-19,[35.11999893],[35.01323109]
581,2015-05-20,[35.02000046],[35.10697911]
582,2015-05-21,[35.58000183],[35.05409458]
583,2015-05-22,[35.70000076],[35.37139366]
584,2015-05-26,[35.52000046],[35.66843805]
585,2015-05-27,[35.81000137],[35.60988721]
586,2015-05-28,[36.38999939],[35.69173068]
587,2015-05-29,[35.97000122],[36.17290514]
588,2015-06-01,[36.18000031],[36.15117509]
589,2015-06-02,[36.22000122],[36.10665805]
590,2015-06-03,[35.93999863],[36.17212474]
591,2015-06-04,[35.54000092],[36.04233142]
592,2015-06-05,[35.11999893],[35.67151113]
593,2015-06-08,[34.99000168],[35.2324924]
594,2015-06-09,[35.25999832],[35.00529252]
595,2015-06-10,[35.59000015],[35.15610375]
596,2015-06-11,[35.54999924],[35.48838323]
597,2015-06-12,[35.70999908],[35.58341233]
598,2015-06-15,[35.45999908],[35.64513591]
599,2015-06-16,[35.61000061],[35.5283561]
600,2015-06-17,[35.81000137],[35.54482821]
601,2015-06-18,[36.20000076],[35.73133855]
602,2015-06-19,[36.11000061],[36.07484722]
603,2015-06-22,[36.18999863],[36.15663438]
604,2015-06-23,[36.29999924],[36.15610874]
605,2015-06-24,[35.15999985],[36.23908186]
606,2015-06-25,[34.70000076],[35.55736905]
607,2015-06-26,[34.38000107],[34.8192567]
608,2015-06-29,[33.22999954],[34.4298132]
609,2015-06-30,[33.33000183],[33.64196755]
610,2015-07-01,[33.04000092],[33.28807311]
611,2015-07-02,[33.22999954],[33.12710367]
612,2015-07-06,[32.65000153],[33.19212556]
613,2015-07-07,[32.86000061],[32.88173298]
614,2015-07-08,[31.19000053],[32.79284982]
615,2015-07-09,[31.01000023],[31.80391791]
616,2015-07-10,[31.39999962],[31.10184586]
617,2015-07-13,[31.68000031],[31.24758791]
618,2015-07-14,[31.77000046],[31.64531859]
619,2015-07-15,[31.43000031],[31.8226977]
620,2015-07-16,[30.61000061],[31.59921201]
621,2015-07-17,[30.64999962],[30.94005696]
622,2015-07-20,[30.5],[30.66500005]
623,2015-07-21,[30.38999939],[30.60263271]
624,2015-07-22,[30.29999924],[30.52478355]
625,2015-07-23,[31.5],[30.41255957]
626,2015-07-24,[31.05999947],[31.09560018]
627,2015-07-27,[31.04999924],[31.27454947]
628,2015-07-28,[31.31999969],[31.14643032]
629,2015-07-29,[31.95000076],[31.23611879]
630,2015-07-30,[31.90999985],[31.74517574]
631,2015-07-31,[31.51000023],[31.9891272]
632,2015-08-03,[31.68000031],[31.72579751]
633,2015-08-04,[31.52000046],[31.63972118]
634,2015-08-05,[31.60000038],[31.6038506]
635,2015-08-06,[31.86000061],[31.63478656]
636,2015-08-07,[31.73999977],[31.81374474]
637,2015-08-10,[31.94000053],[31.83389763]
638,2015-08-11,[30.82999992],[31.913862]
639,2015-08-12,[30.87000084],[31.28272997]
640,2015-08-13,[31.05999947],[30.90444052]
641,2015-08-14,[31.48999977],[31.00929833]
642,2015-08-17,[31.61000061],[31.40237718]
643,2015-08-18,[31.70999908],[31.64055761]
644,2015-08-19,[31.62999916],[31.72618344]
645,2015-08-20,[30.84000015],[31.68955942]
646,2015-08-21,[29.60000038],[31.17550524]
647,2015-08-24,[27.79999924],[30.11986034]
648,2015-08-25,[27.28000069],[28.55366446]
649,2015-08-26,[28.10000038],[27.60779453]
650,2015-08-27,[28.57999992],[27.91078634]
651,2015-08-28,[29.],[28.52664695]
652,2015-08-31,[29.44000053],[28.9880938]
653,2015-09-01,[28.63999939],[29.35888685]
654,2015-09-02,[29.20999908],[29.02400446]
655,2015-09-03,[29.11000061],[29.08781795]
656,2015-09-04,[28.87999916],[29.20220577]
657,2015-09-08,[29.87999916],[29.09655545]
658,2015-09-09,[29.62000084],[29.58970343]
659,2015-09-10,[30.],[29.77953261]
660,2015-09-11,[30.14999962],[29.96641937]
661,2015-09-14,[30.71999931],[30.14736057]
662,2015-09-15,[30.98999977],[30.5658824]
663,2015-09-16,[31.20000076],[30.94554265]
664,2015-09-17,[31.30999947],[31.18905188]
665,2015-09-18,[30.51000023],[31.31932575]
666,2015-09-21,[30.62000084],[30.86372983]
667,2015-09-22,[30.03000069],[30.63704961]
668,2015-09-23,[29.71999931],[30.29900068]
669,2015-09-24,[29.44000053],[29.93842164]
670,2015-09-25,[29.40999985],[29.6331404]
671,2015-09-28,[28.55999947],[29.51479428]
672,2015-09-29,[29.14999962],[28.99659637]
673,2015-09-30,[30.02000046],[29.04428499]
674,2015-10-01,[30.67000008],[29.73636733]
675,2015-10-02,[31.72999954],[30.49913628]
676,2015-10-05,[31.76000023],[31.3954903]
677,2015-10-06,[32.22000122],[31.78333958]
678,2015-10-07,[33.04999924],[32.08858626]
679,2015-10-08,[33.43000031],[32.75062429]
680,2015-10-09,[32.95000076],[33.33237312]
681,2015-10-12,[33.02000046],[33.18838679]
682,2015-10-13,[33.13000107],[33.01114879]
683,2015-10-14,[33.33000183],[33.0863123]
684,2015-10-15,[33.31999969],[33.3019404]
685,2015-10-16,[33.15000153],[33.37497858]
686,2015-10-19,[33.24000168],[33.24267517]
687,2015-10-20,[33.47999954],[33.2182442]
688,2015-10-21,[35.41999817],[33.40901732]
689,2015-10-22,[35.41999817],[34.74489302]
690,2015-10-23,[35.95000076],[35.48628223]
691,2015-10-26,[35.66999817],[35.82745767]
692,2015-10-27,[34.97000122],[35.73981504]
693,2015-10-28,[35.22000122],[35.20163973]
694,2015-10-29,[34.75],[35.10557629]
695,2015-10-30,[34.90999985],[34.9207442]
696,2015-11-02,[35.56999969],[34.8799746]
697,2015-11-03,[35.77999878],[35.33209101]
698,2015-11-04,[35.41999817],[35.73398723]
699,2015-11-05,[35.43999863],[35.5764932]
700,2015-11-06,[35.75],[35.40411354]
701,2015-11-09,[35.66999817],[35.60742557]
702,2015-11-10,[35.61999893],[35.71793344]
703,2015-11-11,[35.54999924],[35.65451133]
704,2015-11-12,[35.09000015],[35.55588689]
705,2015-11-13,[34.31000137],[35.23686997]
706,2015-11-16,[35.16999817],[34.56883934]
707,2015-11-17,[35.20999908],[34.82671133]
708,2015-11-18,[36.45999908],[35.20588457]
709,2015-11-19,[36.13999939],[36.0693352]
710,2015-11-20,[36.34000015],[36.27792611]
711,2015-11-23,[36.08000183],[36.27151431]
712,2015-11-24,[36.22000122],[36.12684884]
713,2015-11-25,[36.34000015],[36.15723748]
714,2015-11-27,[36.36999893],[36.29824523]
715,2015-11-30,[36.20000076],[36.37089144]
716,2015-12-01,[36.25999832],[36.25535534]
717,2015-12-02,[35.72999954],[36.21630753]
718,2015-12-03,[35.47000122],[35.89878321]
719,2015-12-04,[36.25],[35.53914378]
720,2015-12-07,[36.13000107],[35.93949103]
721,2015-12-08,[35.47999954],[36.19284057]
722,2015-12-09,[35.45000076],[35.73530123]
723,2015-12-10,[35.63000107],[35.40054135]
724,2015-12-11,[34.54999924],[35.51723315]
725,2015-12-14,[34.38999939],[34.95262169]
726,2015-12-15,[34.54000092],[34.4278864]
727,2015-12-16,[35.13999939],[34.43070537]
728,2015-12-17,[34.11000061],[34.94028451]
729,2015-12-18,[33.66999817],[34.52349293]
730,2015-12-21,[33.83000183],[33.81147576]
731,2015-12-22,[34.29000092],[33.70113686]
732,2015-12-23,[34.77999878],[34.13305554]
733,2015-12-24,[34.59999847],[34.66059446]
734,2015-12-28,[34.50999832],[34.70004976]
735,2015-12-29,[34.5],[34.53241162]
736,2015-12-30,[34.33000183],[34.4752105]
737,2015-12-31,[34.00999832],[34.39545442]
738,2016-01-04,[33.31000137],[34.14043408]
739,2016-01-05,[32.43000031],[33.56042675]
740,2016-01-06,[31.27000046],[32.73473721]
741,2016-01-07,[29.98999977],[31.68318784]
742,2016-01-08,[29.53000069],[30.47854376]
743,2016-01-11,[30.25],[29.7494727]
744,2016-01-12,[30.29999924],[30.04305174]
745,2016-01-13,[30.48999977],[30.37143919]
746,2016-01-14,[30.29999924],[30.5274951]
747,2016-01-15,[29.56999969],[30.42346364]
748,2016-01-19,[29.39999962],[29.9022301]
749,2016-01-20,[29.42000008],[29.5359592]
750,2016-01-21,[29.54999924],[29.48420379]
751,2016-01-22,[29.28000069],[29.6014556]
752,2016-01-25,[29.22999954],[29.49280043]
753,2016-01-26,[29.64999962],[29.35290455]
754,2016-01-27,[29.20999908],[29.56251951]
755,2016-01-28,[29.02000046],[29.46511777]
756,2016-01-29,[29.63999939],[29.21497197]
757,2016-02-01,[30.11000061],[29.47707883]
758,2016-02-02,[29.64999962],[29.99079761]
759,2016-02-03,[28.92000008],[29.93052872]
760,2016-02-04,[28.63999939],[29.3084872]
761,2016-02-05,[28.54000092],[28.82717933]
762,2016-02-08,[28.68000031],[28.6709934]
763,2016-02-09,[27.87000084],[28.75574908]
764,2016-02-10,[27.70999908],[28.3341821]
765,2016-02-11,[26.89999962],[27.9404085]
766,2016-02-12,[27.70999908],[27.35926957]
767,2016-02-16,[28.57999992],[27.56225431]
768,2016-02-17,[29.27000046],[28.32074719]
769,2016-02-18,[29.03000069],[29.09818004]
770,2016-02-19,[28.78000069],[29.22734342]
771,2016-02-22,[29.62999916],[28.97726639]
772,2016-02-23,[29.37999916],[29.35611753]
773,2016-02-24,[28.84000015],[29.5357778]
774,2016-02-25,[29.5],[29.1896616]
775,2016-02-26,[29.62999916],[29.33910578]
776,2016-02-29,[29.44000053],[29.63253018]
777,2016-03-01,[30.01000023],[29.6297067]
778,2016-03-02,[30.14999962],[29.88371585]
779,2016-03-03,[31.06999969],[30.14909809]
780,2016-03-04,[31.37000084],[30.79197714]
781,2016-03-07,[31.59000015],[31.30518156]
782,2016-03-08,[30.68000031],[31.57423574]
783,2016-03-09,[30.54000092],[31.06735241]
784,2016-03-10,[30.81999969],[30.63766769]
785,2016-03-11,[31.26000023],[30.74340084]
786,2016-03-14,[31.18000031],[31.16889008]
787,2016-03-15,[31.04999924],[31.2997981]
788,2016-03-16,[31.69000053],[31.16597549]
789,2016-03-17,[31.95999908],[31.47773748]
790,2016-03-18,[31.95999908],[31.89374449]
791,2016-03-21,[32.08000183],[32.03207505]
792,2016-03-22,[31.89999962],[32.07869009]
793,2016-03-23,[31.30999947],[31.99160142]
794,2016-03-24,[30.95999908],[31.57139961]
795,2016-03-28,[31.02000046],[31.13309971]
796,2016-03-29,[31.19000053],[31.03712902]
797,2016-03-30,[30.98999977],[31.18677821]
798,2016-03-31,[31.43000031],[31.14167299]
799,2016-04-01,[30.46999931],[31.32478327]
800,2016-04-04,[29.89999962],[30.87400681]
801,2016-04-05,[29.60000038],[30.18925834]
802,2016-04-06,[29.94000053],[29.75773688]
803,2016-04-07,[29.42000008],[29.88556484]
804,2016-04-08,[29.37000084],[29.72287807]
805,2016-04-11,[29.53000069],[29.51206024]
806,2016-04-12,[29.70999908],[29.53816114]
807,2016-04-13,[30.78000069],[29.71887922]
808,2016-04-14,[30.71999931],[30.44587349]
809,2016-04-15,[30.55999947],[30.80122734]
810,2016-04-18,[31.30999947],[30.70744836]
811,2016-04-19,[31.96999931],[31.05758498]
812,2016-04-20,[32.18999863],[31.74460599]
813,2016-04-21,[32.65999985],[32.18104367]
814,2016-04-22,[32.18000031],[32.54105533]
815,2016-04-25,[31.95000076],[32.38216837]
816,2016-04-26,[32.18999863],[32.06743553]
817,2016-04-27,[32.15999985],[32.11695123]
818,2016-04-28,[32.43999863],[32.21710412]
819,2016-04-29,[31.79999924],[32.40050296]
820,2016-05-02,[31.75],[32.07917824]
821,2016-05-03,[31.25],[31.80356251]
822,2016-05-04,[30.59000015],[31.45301322]
823,2016-05-05,[30.54000092],[30.8943611]
824,2016-05-06,[30.95999908],[30.61418936]
825,2016-05-09,[30.78000069],[30.85165952]
826,2016-05-10,[31.35000038],[30.92420377]
827,2016-05-11,[31.07999992],[31.21232318]
828,2016-05-12,[31.18000031],[31.21873925]
829,2016-05-13,[30.52000046],[31.20165417]
830,2016-05-16,[30.67000008],[30.80919416]
831,2016-05-17,[30.62999916],[30.673561]
832,2016-05-18,[30.75],[30.69189902]
833,2016-05-19,[30.31999969],[30.78520652]
834,2016-05-20,[30.56999969],[30.55676812]
835,2016-05-23,[30.59000015],[30.54245061]
836,2016-05-24,[31.04999924],[30.62871013]
837,2016-05-25,[31.64999962],[30.94829067]
838,2016-05-26,[31.29000092],[31.47843381]
839,2016-05-27,[31.38999939],[31.48605109]
840,2016-05-31,[31.28000069],[31.40800534]
841,2016-06-01,[30.21999931],[31.34200528]
842,2016-06-02,[30.26000023],[30.67804654]
843,2016-06-03,[29.60000038],[30.31475841]
844,2016-06-06,[29.98999977],[29.90121373]
845,2016-06-07,[30.22999954],[29.94630129]
846,2016-06-08,[29.56999969],[30.21099074]
847,2016-06-09,[29.36000061],[29.92389837]
848,2016-06-10,[29.05999947],[29.53841815]
849,2016-06-13,[29.07999992],[29.23918181]
850,2016-06-14,[28.82999992],[29.1712795]
851,2016-06-15,[28.86000061],[29.03938015]
852,2016-06-16,[29.02000046],[28.97079224]
853,2016-06-17,[29.22999954],[29.05621557]
854,2016-06-20,[29.64999962],[29.24487192]
855,2016-06-21,[29.51000023],[29.57847472]
856,2016-06-22,[29.31999969],[29.64851752]
857,2016-06-23,[29.81999969],[29.49026752]
858,2016-06-24,[28.35000038],[29.69948266]
859,2016-06-27,[27.51000023],[29.00551751]
860,2016-06-28,[27.73999977],[28.00511527]
861,2016-06-29,[28.17000008],[27.76477805]
862,2016-06-30,[28.29999924],[28.11693499]
863,2016-07-01,[28.88999939],[28.4045717]
864,2016-07-05,[28.17000008],[28.79453112]
865,2016-07-06,[28.39999962],[28.54912921]
866,2016-07-07,[28.73999977],[28.44259068]
867,2016-07-08,[29.65999985],[28.68072959]
868,2016-07-11,[30.12999916],[29.38831476]
869,2016-07-12,[30.60000038],[30.02356234]
870,2016-07-13,[30.62999916],[30.49911903]
871,2016-07-14,[30.76000023],[30.66903594]
872,2016-07-15,[30.77000046],[30.76142717]
873,2016-07-18,[30.87000084],[30.81499015]
874,2016-07-19,[31.25],[30.89605797]
875,2016-07-20,[31.48999977],[31.16774534]
876,2016-07-21,[32.02999878],[31.45820569]
877,2016-07-22,[32.15999985],[31.88623915]
878,2016-07-25,[32.06000137],[32.15684698]
879,2016-07-26,[32.15000153],[32.14607269]
880,2016-07-27,[32.02000046],[32.14696046]
881,2016-07-28,[30.98999977],[32.09815586]
882,2016-07-29,[31.54000092],[31.42409706]
883,2016-08-01,[31.29999924],[31.37531281]
884,2016-08-02,[29.93000031],[31.41484599]
885,2016-08-03,[30.23999977],[30.54450385]
886,2016-08-04,[30.34000015],[30.18764845]
887,2016-08-05,[30.79999924],[30.32171262]
888,2016-08-08,[30.87999916],[30.72224218]
889,2016-08-09,[31.06999969],[30.9330233]
890,2016-08-10,[31.25],[31.05951801]
891,2016-08-11,[31.75],[31.21778456]
892,2016-08-12,[31.56999969],[31.60436365]
893,2016-08-15,[31.86000061],[31.6894773]
894,2016-08-16,[31.70999908],[31.80798878]
895,2016-08-17,[31.85000038],[31.7953279]
896,2016-08-18,[31.54999924],[31.84617383]
897,2016-08-19,[31.82999992],[31.70443967]
898,2016-08-22,[31.87000084],[31.7745522]
899,2016-08-23,[31.89999962],[31.89245514]
900,2016-08-24,[31.78000069],[31.94582439]
901,2016-08-25,[31.54000092],[31.86884183]
902,2016-08-26,[31.53000069],[31.66749665]
903,2016-08-29,[31.80999947],[31.57147163]
904,2016-08-30,[31.67000008],[31.7464483]
905,2016-08-31,[31.92000008],[31.77708572]
906,2016-09-01,[31.79999924],[31.88201688]
907,2016-09-02,[32.15999985],[31.87736116]
908,2016-09-06,[32.11999893],[32.06891392]
909,2016-09-07,[31.88999939],[32.17115736]
910,2016-09-08,[31.70999908],[32.02573309]
911,2016-09-09,[30.47999954],[31.80917545]
912,2016-09-12,[31.18000031],[30.97331212]
913,2016-09-13,[30.94000053],[30.96417715]
914,2016-09-14,[30.70999908],[31.06168274]
915,2016-09-15,[31.12000084],[30.90520362]
916,2016-09-16,[30.96999931],[31.02156911]
917,2016-09-19,[31.71999931],[31.06335959]
918,2016-09-20,[31.64999962],[31.50055928]
919,2016-09-21,[32.11000061],[31.71861199]
920,2016-09-22,[32.38999939],[31.99858338]
921,2016-09-23,[32.11999893],[32.31133005]
922,2016-09-26,[31.79999924],[32.2646353]
923,2016-09-27,[31.60000038],[31.95798247]
924,2016-09-28,[31.89999962],[31.69564011]
925,2016-09-29,[31.47999954],[31.82337912]
926,2016-09-30,[31.77000046],[31.69445297]
927,2016-10-03,[32.04000092],[31.72571854]
928,2016-10-04,[32.16999817],[31.96581737]
929,2016-10-05,[32.68000031],[32.17224269]
930,2016-10-06,[32.52999878],[32.53664953]
931,2016-10-07,[32.34000015],[32.61877532]
932,2016-10-10,[32.15000153],[32.44860861]
933,2016-10-11,[31.88999939],[32.23583139]
934,2016-10-12,[31.68000031],[32.01249449]
935,2016-10-13,[31.51000023],[31.80005375]
936,2016-10-14,[31.87000084],[31.61778168]
937,2016-10-17,[31.55999947],[31.77954207]
938,2016-10-18,[31.39999962],[31.7240976]
939,2016-10-19,[31.85000038],[31.51936237]
940,2016-10-20,[31.75],[31.70834053]
941,2016-10-21,[32.04000092],[31.82605029]
942,2016-10-24,[32.97999954],[31.99482505]
943,2016-10-25,[31.60000038],[32.65896781]
944,2016-10-26,[31.57999992],[32.15913056]
945,2016-10-27,[31.32999992],[31.63553469]
946,2016-10-28,[31.31999969],[31.40127623]
947,2016-10-31,[31.60000038],[31.38422213]
948,2016-11-01,[31.47999954],[31.56655675]
949,2016-11-02,[31.45000076],[31.58301795]
950,2016-11-03,[31.06999969],[31.51303726]
951,2016-11-04,[31.15999985],[31.24844035]
952,2016-11-07,[32.02000046],[31.17151164]
953,2016-11-08,[31.72999954],[31.73538206]
954,2016-11-09,[30.95999908],[31.8993824]
955,2016-11-10,[32.72999954],[31.32475845]
956,2016-11-11,[34.02000046],[32.07545513]
957,2016-11-14,[33.27999878],[33.54048474]
958,2016-11-15,[33.43000031],[33.67333063]
959,2016-11-16,[33.22999954],[33.4101624]
960,2016-11-17,[33.41999817],[33.24187705]
961,2016-11-18,[33.],[33.37213622]
962,2016-11-21,[33.00999832],[33.20504531]
963,2016-11-22,[33.81000137],[33.04321217]
964,2016-11-23,[33.86000061],[33.52257288]
965,2016-11-25,[34.25],[33.88226703]
966,2016-11-28,[34.04999924],[34.16228784]
967,2016-11-29,[34.56999969],[34.12926794]
968,2016-11-30,[34.52999878],[34.3864]
969,2016-12-01,[36.43000031],[34.55678747]
970,2016-12-02,[35.40999985],[35.77962666]
971,2016-12-05,[34.93999863],[35.8298314]
972,2016-12-06,[35.06999969],[35.13525469]
973,2016-12-07,[36.29999924],[34.92974453]
974,2016-12-08,[36.41999817],[35.85355408]
975,2016-12-09,[37.65999985],[36.4679406]
976,2016-12-12,[37.09999847],[37.28132003]
977,2016-12-13,[37.36000061],[37.29770344]
978,2016-12-14,[35.95000076],[37.25604395]
979,2016-12-15,[36.24000168],[36.39744504]
980,2016-12-16,[36.36999893],[36.08705285]
981,2016-12-19,[36.40000153],[36.28737528]
982,2016-12-20,[36.61000061],[36.43149463]
983,2016-12-21,[36.41999817],[36.54217849]
984,2016-12-22,[35.68999863],[36.46209225]
985,2016-12-23,[35.68999863],[35.91894456]
986,2016-12-27,[35.54000092],[35.63703189]
987,2016-12-28,[35.15000153],[35.55833129]
988,2016-12-29,[35.13999939],[35.29466146]
989,2016-12-30,[34.84000015],[35.12562731]
990,2017-01-03,[35.15000153],[34.92041399]
991,2017-01-04,[37.09000015],[35.02968257]
992,2017-01-05,[36.38999939],[36.39713345]
993,2017-01-06,[35.99000168],[36.71022673]
994,2017-01-09,[36.00999832],[36.15636164]
995,2017-01-10,[37.34999847],[35.89317577]
996,2017-01-11,[37.95000076],[36.84579449]
997,2017-01-12,[37.50999832],[37.82269473]
998,2017-01-13,[37.34000015],[37.74080153]
999,2017-01-17,[37.31000137],[37.34060816]
1000,2017-01-18,[37.47000122],[37.23831949]
1001,2017-01-19,[37.29999924],[37.40846395]
1002,2017-01-20,[37.00999832],[37.3767767]
1003,2017-01-23,[36.65000153],[37.0923899]
1004,2017-01-24,[37.],[36.72294968]
1005,2017-01-25,[38.27999878],[36.83194457]
1006,2017-01-26,[37.52000046],[37.8282672]
1007,2017-01-27,[37.00999832],[37.84382021]
1008,2017-01-30,[36.33000183],[37.16544013]
1009,2017-01-31,[36.61000061],[36.44108342]
1010,2017-02-01,[36.13999939],[36.44422459]
1011,2017-02-02,[35.72999954],[36.31140787]
1012,2017-02-03,[36.33000183],[35.87507379]
1013,2017-02-06,[36.83000183],[36.05925437]
1014,2017-02-07,[35.09999847],[36.64044072]
1015,2017-02-08,[35.13999939],[35.74676957]
1016,2017-02-09,[35.08000183],[35.05005753]
1017,2017-02-10,[35.16999817],[34.99757799]
1018,2017-02-13,[35.52000046],[35.16650661]
1019,2017-02-14,[37.24000168],[35.42505753]
1020,2017-02-15,[37.08000183],[36.62764623]
1021,2017-02-16,[37.02999878],[37.18258124]
1022,2017-02-17,[37.22000122],[37.07944981]
1023,2017-02-21,[37.81000137],[37.08578745]
1024,2017-02-22,[37.84000015],[37.58022775]
1025,2017-02-23,[37.25],[37.86974627]
1026,2017-02-24,[36.90000153],[37.46926916]
1027,2017-02-27,[37.27000046],[36.95615004]
1028,2017-02-28,[36.84000015],[37.07611645]
1029,2017-03-01,[37.43000031],[36.99822911]
1030,2017-03-02,[37.75999832],[37.22557395]
1031,2017-03-03,[38.22999954],[37.62289354]
1032,2017-03-06,[37.90999985],[38.07771263]
1033,2017-03-07,[37.52000046],[38.02107256]
1034,2017-03-08,[37.27000046],[37.61324507]
1035,2017-03-09,[36.83000183],[37.2839061]
1036,2017-03-10,[36.83000183],[36.939186]
1037,2017-03-13,[36.86999893],[36.79989033]
1038,2017-03-14,[36.95999908],[36.8287436]
1039,2017-03-15,[37.09000015],[36.91580053]
1040,2017-03-16,[37.08000183],[37.02739672]
1041,2017-03-17,[36.33000183],[37.06231102]
1042,2017-03-20,[35.70999908],[36.56515185]
1043,2017-03-21,[34.54999924],[35.86597404]
1044,2017-03-22,[34.38999939],[34.88264045]
1045,2017-03-23,[34.25999832],[34.38932659]
1046,2017-03-24,[34.56000137],[34.28117253]
1047,2017-03-27,[34.70999908],[34.47255546]
1048,2017-03-28,[35.56000137],[34.66850798]
1049,2017-03-29,[35.54000092],[35.25772606]
1050,2017-03-30,[35.40999985],[35.55713163]
1051,2017-03-31,[35.36000061],[35.46892628]
1052,2017-04-03,[34.16999817],[35.34577933]
1053,2017-04-04,[34.27000046],[34.57179137]
1054,2017-04-05,[34.],[34.20561661]
1055,2017-04-06,[34.15999985],[34.07239206]
1056,2017-04-07,[33.70999908],[34.13571792]
1057,2017-04-10,[33.97000122],[33.88981886]
1058,2017-04-11,[33.91999817],[33.87489189]
1059,2017-04-12,[33.93999863],[33.92987246]
1060,2017-04-13,[33.38999939],[33.95586567]
1061,2017-04-17,[33.90000153],[33.59922977]
1062,2017-04-18,[33.68999863],[33.70938582]
1063,2017-04-19,[33.79000092],[33.7699896]
1064,2017-04-20,[34.09999847],[33.79322574]
1065,2017-04-21,[33.75],[33.99336274]
1066,2017-04-24,[33.90999985],[33.89262478]
1067,2017-04-25,[33.99000168],[33.86668365]
1068,2017-04-26,[34.38000107],[33.95903837]
1069,2017-04-27,[34.54000092],[34.26199417]
1070,2017-04-28,[34.63999939],[34.50953593]
1071,2017-05-01,[34.20000076],[34.62665817]
1072,2017-05-02,[33.20000076],[34.36221253]
1073,2017-05-03,[33.47999954],[33.5498298]
1074,2017-05-04,[33.15000153],[33.34997823]
1075,2017-05-05,[33.77000046],[33.27299046]
1076,2017-05-08,[33.97000122],[33.59833086]
1077,2017-05-09,[34.25999832],[33.92289726]
1078,2017-05-10,[34.22999954],[34.18622577]
1079,2017-05-11,[34.11000061],[34.24951621]
1080,2017-05-12,[33.61999893],[34.15710949]
1081,2017-05-15,[33.81999969],[33.79565892]
1082,2017-05-16,[33.41999817],[33.74549808]
1083,2017-05-17,[32.41999817],[33.57516306]
1084,2017-05-18,[32.47000122],[32.8138253]
1085,2017-05-19,[32.72000122],[32.44311029]
1086,2017-05-22,[32.91999817],[32.62407055]
1087,2017-05-23,[33.22000122],[32.90511642]
1088,2017-05-24,[33.20000076],[33.16036258]
1089,2017-05-25,[32.59999847],[33.22646313]
1090,2017-05-26,[33.06999969],[32.83332262]
1091,2017-05-30,[33.52999878],[32.8999055]
1092,2017-05-31,[33.93000031],[33.37145959]
1093,2017-06-01,[34.43000031],[33.84472868]
1094,2017-06-02,[34.45000076],[34.28960888]
1095,2017-06-05,[34.45999908],[34.45972718]
1096,2017-06-06,[34.43000031],[34.46701476]
1097,2017-06-07,[34.34000015],[34.44096433]
1098,2017-06-08,[34.11000061],[34.38243541]
1099,2017-06-09,[34.34000015],[34.20686627]
1100,2017-06-12,[34.68000031],[34.26423416]
1101,2017-06-13,[34.50999832],[34.56993318]
1102,2017-06-14,[34.61000061],[34.60436712]
1103,2017-06-15,[34.59999847],[34.58650943]
1104,2017-06-16,[34.29000092],[34.59296183]
1105,2017-06-19,[34.34999847],[34.40909256]
1106,2017-06-20,[34.40000153],[34.3308844]
1107,2017-06-21,[34.13000107],[34.38105694]
1108,2017-06-22,[34.18999863],[34.24519959]
1109,2017-06-23,[34.20000076],[34.17460071]
1110,2017-06-26,[34.52000046],[34.19297142]
1111,2017-06-27,[34.20999908],[34.41897734]
1112,2017-06-28,[34.58000183],[34.3414965]
1113,2017-06-29,[34.86000061],[34.45475128]
1114,2017-06-30,[34.93000031],[34.75540584]
1115,2017-07-03,[35.56999969],[34.93345717]
1116,2017-07-05,[35.00999832],[35.35597368]
1117,2017-07-06,[34.86999893],[35.22163868]
1118,2017-07-07,[34.93999863],[34.92003401]
1119,2017-07-10,[35.18999863],[34.88051899]
1120,2017-07-11,[35.40000153],[35.10865963]
1121,2017-07-12,[35.5],[35.35570085]
1122,2017-07-13,[35.86000061],[35.48170069]
1123,2017-07-14,[36.34999847],[35.72940976]
1124,2017-07-17,[36.38000107],[36.17912541]
1125,2017-07-18,[36.43000031],[36.39307379]
1126,2017-07-19,[36.47000122],[36.41861778]
1127,2017-07-20,[36.40999985],[36.43558499]
1128,2017-07-21,[36.06999969],[36.42141107]
1129,2017-07-24,[35.81999969],[36.18451525]
1130,2017-07-25,[35.56999969],[35.88520654]
1131,2017-07-26,[35.61999893],[35.62788399]
1132,2017-07-27,[35.93999863],[35.58558544]
1133,2017-07-28,[35.77000046],[35.82336877]
1134,2017-07-31,[35.97999954],[35.84133983]
1135,2017-08-01,[34.75999832],[35.89907872]
1136,2017-08-02,[34.81999969],[35.16746211]
1137,2017-08-03,[34.77000046],[34.75263972]
1138,2017-08-04,[35.27000046],[34.74175603]
1139,2017-08-07,[35.29999924],[35.1186096]
1140,2017-08-08,[35.38999939],[35.31811226]
1141,2017-08-09,[35.27999878],[35.36426789]
1142,2017-08-10,[34.88000107],[35.29727958]
1143,2017-08-11,[34.93000031],[35.00786465]
1144,2017-08-14,[35.47000122],[34.89498456]
1145,2017-08-15,[35.54000092],[35.26932967]
1146,2017-08-16,[35.75],[35.54495836]
1147,2017-08-17,[35.],[35.69862052]
1148,2017-08-18,[34.83000183],[35.25256906]
1149,2017-08-21,[34.90999985],[34.85524213]
1150,2017-08-22,[35.29999924],[34.84621969]
1151,2017-08-23,[35.49000168],[35.17880563]
1152,2017-08-24,[35.52000046],[35.45530669]
1153,2017-08-25,[35.59999847],[35.52258843]
1154,2017-08-28,[35.50999832],[35.55727993]
1155,2017-08-29,[35.52000046],[35.5295927]
1156,2017-08-30,[35.81999969],[35.51332748]
1157,2017-08-31,[36.54000092],[35.70951668]
1158,2017-09-01,[37.36000061],[36.29418278]
1159,2017-09-05,[37.22999954],[37.10300413]
1160,2017-09-06,[37.66999817],[37.31673118]
1161,2017-09-07,[36.90999985],[37.50719534]
1162,2017-09-08,[37.],[37.14486943]
1163,2017-09-11,[37.34999847],[36.93835903]
1164,2017-09-12,[37.88999939],[37.19345729]
1165,2017-09-13,[38.20999908],[37.72452144]
1166,2017-09-14,[38.79000092],[38.12915562]
1167,2017-09-15,[38.88000107],[38.58882038]
1168,2017-09-18,[38.59000015],[38.84067162]
1169,2017-09-19,[38.70000076],[38.67703989]
1170,2017-09-20,[38.88000107],[38.61160652]
1171,2017-09-21,[39.09999847],[38.77935097]
1172,2017-09-22,[39.41999817],[39.02072608]
1173,2017-09-25,[40.29999924],[39.30080641]
1174,2017-09-26,[40.25999832],[39.97906944]
1175,2017-09-27,[40.58000183],[40.28185097]
1176,2017-09-28,[40.58000183],[40.45141954]
1177,2017-09-29,[40.38000107],[40.52426868]
1178,2017-10-02,[42.15000153],[40.40436339]
1179,2017-10-03,[43.45000076],[41.49180268]
1180,2017-10-04,[43.77999878],[43.0439651]
1181,2017-10-05,[43.84999847],[43.7522168]
1182,2017-10-06,[44.93000031],[43.77054874]
1183,2017-10-09,[45.33000183],[44.43495472]
1184,2017-10-10,[45.20999908],[45.15471432]
1185,2017-10-11,[45.47000122],[45.22109094]
1186,2017-10-12,[44.88999939],[45.24060095]
1187,2017-10-13,[45.88000107],[44.9294181]
1188,2017-10-16,[45.75999832],[45.39229857]
1189,2017-10-17,[45.02000046],[45.69336588]
1190,2017-10-18,[45.11999893],[45.14945584]
1191,2017-10-19,[45.34999847],[44.8490404]
1192,2017-10-20,[45.61000061],[45.07391373]
1193,2017-10-23,[45.15000153],[45.4074419]
1194,2017-10-24,[46.47999954],[45.16916577]
1195,2017-10-25,[45.11999893],[45.82829132]
1196,2017-10-26,[45.25],[45.44193282]
1197,2017-10-27,[44.63999939],[45.00871318]
1198,2017-10-30,[43.36999893],[44.59203616]
1199,2017-10-31,[42.97999954],[43.60729002]
1200,2017-11-01,[43.13000107],[42.8712619]
1201,2017-11-02,[42.59999847],[42.87059054]
1202,2017-11-03,[42.34000015],[42.66947916]
1203,2017-11-06,[42.13999939],[42.28978917]
1204,2017-11-07,[41.70000076],[42.02741458]
1205,2017-11-08,[42.11000061],[41.70545571]
1206,2017-11-09,[42.11000061],[41.84061944]
1207,2017-11-10,[42.65999985],[42.01431993]
1208,2017-11-13,[43.56999969],[42.39420422]
1209,2017-11-14,[43.],[43.18152894]
1210,2017-11-15,[42.86000061],[43.14908287]
1211,2017-11-16,[43.59999847],[42.78561001]
1212,2017-11-17,[43.88000107],[43.18402511]
1213,2017-11-20,[44.88000107],[43.7275132]
1214,2017-11-21,[44.97000122],[44.50258288]
1215,2017-11-22,[44.29000092],[44.86773238]
1216,2017-11-24,[44.45999908],[44.40404593]
1217,2017-11-27,[44.16999817],[44.2041568]
1218,2017-11-28,[44.91999817],[44.10932798]
1219,2017-11-29,[43.81000137],[44.55422209]
1220,2017-11-30,[43.09000015],[44.08356187]
1221,2017-12-01,[42.79000092],[43.14627087]
1222,2017-12-04,[43.04999924],[42.64383508]
1223,2017-12-05,[42.79999924],[42.81179838]
1224,2017-12-06,[42.15000153],[42.80647574]
1225,2017-12-07,[42.02000046],[42.2496113]
1226,2017-12-08,[42.02000046],[41.87443683]
1227,2017-12-11,[41.66999817],[41.86953467]
1228,2017-12-12,[41.52999878],[41.70001395]
1229,2017-12-13,[41.40000153],[41.46410715]
1230,2017-12-14,[40.81000137],[41.31249833]
1231,2017-12-15,[40.95000076],[40.90213244]
1232,2017-12-18,[42.15000153],[40.78153415]
1233,2017-12-19,[42.49000168],[41.64611527]
1234,2017-12-20,[42.52000046],[42.37641583]
1235,2017-12-21,[42.15999985],[42.48875936]
1236,2017-12-22,[42.02000046],[42.16063441]
1237,2017-12-26,[41.79999924],[41.92727062]
1238,2017-12-27,[41.31000137],[41.77117379]
1239,2017-12-28,[41.38000107],[41.39032611]
1240,2017-12-29,[40.99000168],[41.2418756]
1241,2018-01-02,[41.79999924],[41.02263469]
1242,2018-01-03,[42.81999969],[41.43782796]
1243,2018-01-04,[44.13999939],[42.42535184]
1244,2018-01-05,[44.00999832],[43.70090568]
1245,2018-01-08,[44.22000122],[44.05232202]
1246,2018-01-09,[44.04999924],[44.04458475]
1247,2018-01-10,[43.],[43.9573786]
1248,2018-01-11,[44.18999863],[43.23592385]
1249,2018-01-12,[44.06999969],[43.62563631]
1250,2018-01-16,[44.18999863],[44.03246816]
1251,2018-01-17,[44.02999878],[44.0996794]
1252,2018-01-18,[43.86000061],[43.93589553]
1253,2018-01-19,[43.15000153],[43.75804418]
1254,2018-01-22,[43.29000092],[43.24336455]
1255,2018-01-23,[43.38000107],[43.07655655]
1256,2018-01-24,[44.15999985],[43.21222326]
1257,2018-01-25,[43.15999985],[43.80567299]
1258,2018-01-26,[43.49000168],[43.41911514]
1259,2018-01-29,[43.02000046],[43.20884331]
1260,2018-01-30,[42.70000076],[43.00400857]
1261,2018-01-31,[42.40999985],[42.69057141]
1262,2018-02-01,[42.43000031],[42.36231624]
1263,2018-02-02,[41.],[42.28080252]
1264,2018-02-05,[39.54000092],[41.36633843]
1265,2018-02-06,[41.86000061],[39.84565313]
1266,2018-02-07,[42.38999939],[40.84218057]
1267,2018-02-08,[40.75],[42.22745017]
1268,2018-02-09,[41.45999908],[41.39177259]
1269,2018-02-12,[42.],[40.99333391]
1270,2018-02-13,[41.40000153],[41.63432427]
1271,2018-02-14,[41.81000137],[41.63277717]
1272,2018-02-15,[41.84999847],[41.60176304]
1273,2018-02-16,[41.09000015],[41.7108165]
1274,2018-02-20,[40.77000046],[41.27980179]
1275,2018-02-21,[40.56000137],[40.76087183]
1276,2018-02-22,[40.90999985],[40.49595294]
1277,2018-02-23,[40.90999985],[40.70943336]
1278,2018-02-26,[41.54000092],[40.86731746]
1279,2018-02-27,[40.16999817],[41.26876958]
1280,2018-02-28,[39.34999847],[40.57317216]
1281,2018-03-01,[37.79000092],[39.48637127]
1282,2018-03-02,[37.43000031],[38.12896575]
1283,2018-03-05,[37.74000168],[37.40643793]
1284,2018-03-06,[37.93000031],[37.54818914]
1285,2018-03-07,[37.74000168],[37.85951326]
1286,2018-03-08,[37.84000015],[37.79016731]
1287,2018-03-09,[37.84000015],[37.73135083]
1288,2018-03-12,[37.83000183],[37.77035956]
1289,2018-03-13,[38.00999832],[37.80093031]
1290,2018-03-14,[37.68999863],[37.91529787]
1291,2018-03-15,[37.84999847],[37.76990155]
1292,2018-03-16,[37.93999863],[37.7514039]
1293,2018-03-19,[37.00999832],[37.86817355]
1294,2018-03-20,[36.88999939],[37.31625119]
1295,2018-03-21,[37.58000183],[36.86336571]
1296,2018-03-22,[36.34999847],[37.26584649]
1297,2018-03-23,[35.16999817],[36.79918911]
1298,2018-03-26,[35.99000168],[35.54379804]
1299,2018-03-27,[34.86999893],[35.56261128]
1300,2018-03-28,[35.47000122],[35.24817341]
1301,2018-03-29,[36.34000015],[35.28862735]
1302,2018-04-02,[35.75999832],[35.99148133]
1303,2018-04-03,[36.93999863],[35.99825423]
1304,2018-04-04,[38.02999878],[36.51874549]
1305,2018-04-05,[38.],[37.62311915]
1306,2018-04-06,[37.68000031],[38.0823064]
1307,2018-04-09,[37.83000183],[37.80094371]
1308,2018-04-10,[39.06999969],[37.70099665]
1309,2018-04-11,[39.],[38.61024833]
1310,2018-04-12,[38.83000183],[39.09652298]
1311,2018-04-13,[38.72999954],[38.91899872]
1312,2018-04-16,[39.16999817],[38.68466813]
1313,2018-04-17,[39.22000122],[38.96162227]
1314,2018-04-18,[38.93000031],[39.21158475]
1315,2018-04-19,[37.77000046],[39.02993906]
1316,2018-04-20,[37.61000061],[38.10001682]
1317,2018-04-23,[37.68999863],[37.5448996]
1318,2018-04-24,[37.93000031],[37.5869148]
1319,2018-04-25,[38.11000061],[37.85200003]
1320,2018-04-26,[38.25],[38.04526866]
1321,2018-04-27,[37.65000153],[38.16824824]
1322,2018-04-30,[36.74000168],[37.81491611]
1323,2018-05-01,[36.41999817],[36.9860306]
1324,2018-05-02,[36.20000076],[36.43072427]
1325,2018-05-03,[36.15000153],[36.21719819]
1326,2018-05-04,[36.70999908],[36.15706708]
1327,2018-05-07,[36.34000015],[36.49816429]
1328,2018-05-08,[36.33000183],[36.4645743]
1329,2018-05-09,[36.27000046],[36.31159324]
1330,2018-05-10,[37.15999985],[36.23853668]
1331,2018-05-11,[36.88999939],[36.82676908]
1332,2018-05-14,[36.63000107],[37.00963634]
1333,2018-05-15,[36.93999863],[36.72624291]
1334,2018-05-16,[38.02999878],[36.76707275]
1335,2018-05-17,[38.29999924],[37.62827668]
1336,2018-05-18,[37.79000092],[38.26514903]
1337,2018-05-21,[38.09000015],[37.99903919]
1338,2018-05-22,[38.27999878],[37.91191427]
1339,2018-05-23,[37.84999847],[38.1629397]
1340,2018-05-24,[38.38999939],[38.01881877]
1341,2018-05-25,[38.29999924],[38.17738518]
1342,2018-05-29,[37.38000107],[38.29973329]
1343,2018-05-30,[37.83000183],[37.68957233]
1344,2018-05-31,[42.70000076],[37.59489552]
1345,2018-06-01,[43.20000076],[40.96578617]
1346,2018-06-04,[43.77999878],[43.26882625]
1347,2018-06-05,[43.40999985],[43.75587463]
1348,2018-06-06,[43.93000031],[43.3781609]
1349,2018-06-07,[44.00999832],[43.61161944]
1350,2018-06-08,[44.25],[43.95948646]
1351,2018-06-11,[44.84999847],[44.15474678]
1352,2018-06-12,[44.18000031],[44.56390926]
1353,2018-06-13,[44.45000076],[44.32500489]
1354,2018-06-14,[43.56999969],[44.2231943]
1355,2018-06-15,[43.90999985],[43.71638677]
1356,2018-06-18,[43.95000076],[43.64344868]
1357,2018-06-19,[42.25999832],[43.80372671]
1358,2018-06-20,[41.95000076],[42.72826071]
1359,2018-06-21,[41.11999893],[41.82296439]
1360,2018-06-22,[41.25],[41.17904164]
1361,2018-06-25,[40.61000061],[41.08335551]
1362,2018-06-26,[41.00999832],[40.73110352]
1363,2018-06-27,[40.36999893],[40.75516443]
1364,2018-06-28,[40.52000046],[40.4793275]
1365,2018-06-29,[39.40000153],[40.36687307]
1366,2018-07-02,[39.5],[39.6716831]
1367,2018-07-03,[38.97000122],[39.33849577]
1368,2018-07-05,[39.47000122],[39.04238845]
1369,2018-07-06,[39.15999985],[39.23495203]
1370,2018-07-09,[39.75],[39.21787602]
1371,2018-07-10,[40.09000015],[39.49479395]
1372,2018-07-11,[39.29999924],[39.92111382]
1373,2018-07-12,[39.27000046],[39.54975691]
1374,2018-07-13,[39.36000061],[39.1853558]
1375,2018-07-16,[39.56000137],[39.226208]
1376,2018-07-17,[40.02999878],[39.46566196]
1377,2018-07-18,[39.86999893],[39.85278685]
1378,2018-07-19,[39.31000137],[39.89766295]
1379,2018-07-20,[39.40000153],[39.44269997]
1380,2018-07-23,[39.27000046],[39.26620128]
1381,2018-07-24,[39.47999954],[39.24894061]
1382,2018-07-25,[37.65000153],[39.37964469]
1383,2018-07-26,[36.75],[38.23390796]
1384,2018-07-27,[37.52999878],[36.91385609]
1385,2018-07-30,[37.66999817],[37.0963664]
1386,2018-07-31,[37.90999985],[37.63194967]
1387,2018-08-01,[37.13999939],[37.87838611]
1388,2018-08-02,[36.61999893],[37.35798055]
1389,2018-08-03,[37.72999954],[36.69615412]
1390,2018-08-06,[37.59999847],[37.25260331]
1391,2018-08-07,[37.58000183],[37.67192665]
1392,2018-08-08,[37.65999985],[37.6228102]
1393,2018-08-09,[37.50999832],[37.56665282]
1394,2018-08-10,[36.59000015],[36.29049538]
1395,2018-08-13,[36.15999985],[35.96997104]
1396,2018-08-14,[36.20000076],[35.64064188]
1397,2018-08-15,[35.93999863],[35.57357006]
1398,2018-08-16,[36.29000092],[35.52725529]
1399,2018-08-17,[36.38000107],[35.60049213]
1400,2018-08-20,[36.77000046],[35.68523972]
1401,2018-08-21,[36.90999985],[35.83648753]
1402,2018-08-22,[36.13000107],[35.95276149]
1403,2018-08-23,[35.66999817],[35.71809509]
1404,2018-08-24,[35.95000076],[35.40063674]
1405,2018-08-27,[37.68999863],[35.40510798]
1406,2018-08-28,[37.31999969],[36.0698694]
1407,2018-08-29,[37.11999893],[36.30514304]
1408,2018-08-30,[36.36000061],[36.13810129]
1409,2018-08-31,[36.04999924],[35.78241401]
1410,2018-09-04,[35.59999847],[35.55851718]
1411,2018-09-05,[35.29000092],[35.37896692]
1412,2018-09-06,[34.38000107],[35.20467367]
1413,2018-09-07,[33.90999985],[34.83785931]
1414,2018-09-10,[33.86999893],[34.50815379]
1415,2018-09-11,[33.77000046],[34.41104057]
1416,2018-09-12,[34.06000137],[34.39574864]
1417,2018-09-13,[34.25],[34.47910734]
1418,2018-09-14,[34.63000107],[34.58754309]
1419,2018-09-17,[35.02000046],[34.74887967]
1420,2018-09-18,[35.09999847],[34.94649306]
1421,2018-09-19,[35.72999954],[35.04828451]
1422,2018-09-20,[36.08000183],[35.2657603]
1423,2018-09-21,[35.31999969],[35.49862615]
1424,2018-09-24,[34.75],[35.32031631]
1425,2018-09-25,[33.54999924],[34.96450455]
1426,2018-09-26,[33.72999954],[34.4472558]
1427,2018-09-27,[33.66999817],[34.30455797]
1428,2018-09-28,[33.66999817],[34.33812179]
1429,2018-10-01,[34.20000076],[34.3500835]
1430,2018-10-02,[33.29999924],[34.50260257]
1431,2018-10-03,[34.],[34.30300447]
1432,2018-10-04,[34.25],[34.36167335]
1433,2018-10-05,[34.11999893],[34.56471691]
1434,2018-10-08,[34.25],[34.60368996]
1435,2018-10-09,[32.65000153],[34.60318572]
1436,2018-10-10,[32.59999847],[34.08939332]
1437,2018-10-11,[32.31000137],[33.77232107]
1438,2018-10-12,[31.79000092],[33.66678886]
1439,2018-10-15,[32.11999893],[33.48975084]
1440,2018-10-16,[32.34000015],[33.4895675]
1441,2018-10-17,[31.93000031],[33.60927611]
1442,2018-10-18,[31.07999992],[33.53464963]
1443,2018-10-19,[31.20000076],[33.17662032]
1444,2018-10-22,[31.34000015],[33.0388245]
1445,2018-10-23,[32.11999893],[33.11350294]
1446,2018-10-24,[30.55999947],[33.41597872]
1447,2018-10-25,[32.],[33.0648752]
1448,2018-10-26,[32.65000153],[33.21710523]
1449,2018-10-29,[33.13000107],[33.65996367]
1450,2018-10-30,[33.54000092],[34.00388926]
1451,2018-10-31,[36.59000015],[34.20665867]
1452,2018-11-01,[36.47000122],[35.24715502]
1453,2018-11-02,[36.02999878],[35.81324743]
1454,2018-11-05,[36.25],[35.66503826]
1455,2018-11-06,[36.45999908],[35.56294432]
1456,2018-11-07,[36.88000107],[35.69461568]
1457,2018-11-08,[36.56999969],[35.92310739]
1458,2018-11-09,[35.70000076],[35.89010771]
1459,2018-11-12,[35.68999863],[35.51171589]
1460,2018-11-13,[35.93000031],[35.32329509]
1461,2018-11-14,[35.22999954],[35.42187632]
1462,2018-11-15,[35.54999924],[35.26787854]
1463,2018-11-16,[35.75],[35.22310394]
1464,2018-11-19,[35.68000031],[35.33198072]
1465,2018-11-20,[35.09000015],[35.37325025]
1466,2018-11-21,[35.54999924],[35.1569283]
1467,2018-11-23,[35.93000031],[35.17972815]
1468,2018-11-26,[37.65000153],[35.40222488]
1469,2018-11-27,[36.68999863],[36.07057503]
1470,2018-11-28,[36.95000076],[36.07644087]
1471,2018-11-29,[36.75999832],[35.95056567]
1472,2018-11-30,[37.95000076],[35.89321997]
1473,2018-12-03,[38.45000076],[36.30109041]
1474,2018-12-04,[36.52000046],[36.71134787]
1475,2018-12-06,[35.70000076],[36.1517044]
1476,2018-12-07,[34.68999863],[35.44168218]
1477,2018-12-10,[34.41999817],[34.94411367]
1478,2018-12-11,[34.68999863],[34.74431325]
1479,2018-12-12,[35.68000031],[34.80404858]
1480,2018-12-13,[35.11000061],[35.18092013]
1481,2018-12-14,[35.09999847],[35.1796556]
1482,2018-12-17,[34.65999985],[35.05097563]
1483,2018-12-18,[34.90000153],[34.87593258]
1484,2018-12-19,[34.93000031],[34.89816041]
1485,2018-12-20,[34.27000046],[34.96647848]
1486,2018-12-21,[32.97999954],[34.76183976]
1487,2018-12-24,[32.36999893],[34.19341709]
1488,2018-12-26,[33.52000046],[33.73843866]
1489,2018-12-27,[33.95999908],[34.01743617]
1490,2018-12-28,[33.91999817],[34.41921257]
1491,2018-12-31,[33.45000076],[34.50534241]
1492,2019-01-02,[33.63999939],[34.29394059]
1493,2019-01-03,[32.25],[34.2484018]
1494,2019-01-04,[33.33000183],[33.85301213]
1495,2019-01-07,[34.36000061],[33.95846147]
1496,2019-01-08,[34.81000137],[34.48246689]
1497,2019-01-09,[35.18000031],[34.87017471]
1498,2019-01-10,[34.72999954],[35.05325718]
1499,2019-01-11,[37.18000031],[34.93949215]
1500,2019-01-14,[37.65999985],[35.66052831]
1501,2019-01-15,[37.54999924],[36.31198817]
1502,2019-01-16,[37.66999817],[36.39407599]
1503,2019-01-17,[38.25999832],[36.32933185]
1504,2019-01-18,[38.61000061],[36.54094377]
1505,2019-01-22,[38.15000153],[36.81096836]
1506,2019-01-23,[37.66999817],[36.7241132]
1507,2019-01-24,[38.15999985],[36.43524396]
1508,2019-01-25,[38.63999939],[36.49506758]
1509,2019-01-28,[38.45999908],[36.78311959]
1510,2019-01-29,[38.47000122],[36.83195263]
1511,2019-01-30,[39.09000015],[36.76540124]
1512,2019-01-31,[39.02000046],[36.95571875]
1513,2019-02-01,[38.77999878],[37.07423668]
1514,2019-02-04,[38.93000031],[36.98108634]
1515,2019-02-05,[39.29999924],[36.95666527]
1516,2019-02-06,[39.90999985],[37.11694831]
1517,2019-02-07,[38.65000153],[37.41224437]
1518,2019-02-08,[38.70000076],[37.09783813]
1519,2019-02-11,[38.63000107],[36.83873132]
1520,2019-02-12,[39.02999878],[36.81834873]
1521,2019-02-13,[39.],[36.9931491]
1522,2019-02-14,[38.88999939],[37.05918637]
1523,2019-02-15,[39.09000015],[36.99670738]
1524,2019-02-19,[39.52999878],[37.02762894]
1525,2019-02-20,[39.95000076],[37.22589451]
1526,2019-02-21,[39.61999893],[37.46405029]
1527,2019-02-22,[39.99000168],[37.42368035]
1528,2019-02-25,[40.13999939],[37.46216357]
1529,2019-02-26,[40.11000061],[37.58130136]
1530,2019-02-27,[40.],[37.6186598]
1531,2019-02-28,[39.47999954],[37.56166898]
1532,2019-03-01,[39.52999878],[37.35324932]
1533,2019-03-04,[39.25],[37.27212547]
1534,2019-03-05,[39.27999878],[37.19835102]
1535,2019-03-06,[38.66999817],[37.16722735]
1536,2019-03-07,[38.04000092],[36.9606425]
1537,2019-03-08,[37.99000168],[36.62914074]
1538,2019-03-11,[38.61999893],[36.49071888]
1539,2019-03-12,[38.61999893],[36.7180349]
1540,2019-03-13,[38.79999924],[36.86281786]
1541,2019-03-14,[38.02999878],[36.91052544]
1542,2019-03-15,[38.06999969],[36.65835496]
1543,2019-03-18,[37.97999954],[36.52444841]
1544,2019-03-19,[38.27000046],[36.51296666]
1545,2019-03-20,[37.],[36.61976765]
1546,2019-03-21,[37.34999847],[36.24372042]
1547,2019-03-22,[36.43999863],[36.09971224]
1548,2019-03-25,[36.75],[35.86297219]
1549,2019-03-26,[36.86999893],[35.83170393]
1550,2019-03-27,[36.61000061],[35.92179549]
1551,2019-03-28,[37.06000137],[35.87422766]
1552,2019-03-29,[37.09999847],[35.96121287]
1553,2019-04-01,[37.75999832],[36.05732742]
1554,2019-04-02,[37.81000137],[36.29852438]
1555,2019-04-03,[38.38999939],[36.4348136]
1556,2019-04-04,[38.79000092],[36.63474153]
1557,2019-04-05,[38.93999863],[36.8680736]
1558,2019-04-08,[39.06000137],[36.99986317]
1559,2019-04-09,[38.86000061],[37.05531672]
1560,2019-04-10,[39.25],[36.99988348]
1561,2019-04-11,[39.33000183],[37.09221041]
1562,2019-04-12,[39.70999908],[37.19873049]
1563,2019-04-15,[39.56999969],[37.34643241]
1564,2019-04-16,[39.65999985],[37.35805903]
1565,2019-04-17,[39.99000168],[37.35336218]
1566,2019-04-18,[40.29999924],[37.47565071]
1567,2019-04-22,[39.5],[37.65407934]
1568,2019-04-23,[39.83000183],[37.44042814]
1569,2019-04-24,[39.72000122],[37.37433853]
1570,2019-04-25,[39.11000061],[37.40122549]
1571,2019-04-26,[39.68000031],[37.20429398]
1572,2019-04-29,[40.00999832],[37.26124248]
1573,2019-04-30,[38.95000076],[37.48571298]
1574,2019-05-01,[38.75],[37.21291504]
1575,2019-05-02,[38.25],[36.90688892]
1576,2019-05-03,[38.79999924],[36.69111223]
1577,2019-05-06,[38.09000015],[36.82597846]
1578,2019-05-07,[38.52999878],[36.70632781]
1579,2019-05-08,[38.20999908],[36.70895785]
1580,2019-05-09,[37.58000183],[36.66834725]
1581,2019-05-10,[37.88999939],[36.41712559]
1582,2019-05-13,[36.56000137],[36.38792234]
1583,2019-05-14,[37.04000092],[36.01287228]
1584,2019-05-15,[37.36999893],[35.93099494]
1585,2019-05-16,[37.38000107],[36.12799129]
1586,2019-05-17,[37.],[36.2341946]
1587,2019-05-20,[36.97000122],[36.0888222]
1588,2019-05-21,[37.13000107],[35.9814972]
1589,2019-05-22,[35.54999924],[36.03922146]
1590,2019-05-23,[35.13000107],[35.56492311]
1591,2019-05-24,[35.11999893],[35.10783216]
1592,2019-05-28,[34.84999847],[35.01575547]
1593,2019-05-29,[34.79000092],[34.97940434]
1594,2019-05-30,[34.81999969],[34.91633685]
1595,2019-05-31,[33.34000015],[34.89363474]
1596,2019-06-03,[33.70000076],[34.4146405]
1597,2019-06-04,[35.72999954],[34.25023423]
1598,2019-06-05,[35.84000015],[34.98087888]
1599,2019-06-06,[35.18999863],[35.46285857]
1600,2019-06-07,[35.49000168],[35.26260359]
1601,2019-06-10,[36.00999832],[35.15498915]
1602,2019-06-11,[36.20000076],[35.39625595]
1603,2019-06-12,[35.66999817],[35.6141727]
1604,2019-06-13,[36.02000046],[35.46516017]
1605,2019-06-14,[35.65999985],[35.44313138]
1606,2019-06-17,[36.13999939],[35.39140317]
1607,2019-06-18,[36.70000076],[35.50778131]
1608,2019-06-19,[36.77999878],[35.77680308]
1609,2019-06-20,[36.95999908],[35.91711443]
1610,2019-06-21,[36.91999817],[35.97734203]
1611,2019-06-24,[36.95999908],[35.98199125]
1612,2019-06-25,[37.68000031],[35.99244822]
1613,2019-06-26,[38.13000107],[36.24267176]
1614,2019-06-27,[38.31999969],[36.53771368]
1615,2019-06-28,[38.52999878],[36.6863418]
1616,2019-07-01,[38.75],[36.76768725]
1617,2019-07-02,[38.34000015],[36.87194017]
1618,2019-07-03,[38.15999985],[36.78148321]
1619,2019-07-05,[38.5],[36.63519523]
1620,2019-07-08,[38.22999954],[36.7081804]
1621,2019-07-09,[38.08000183],[36.70129592]
1622,2019-07-10,[38.09999847],[36.59924697]
1623,2019-07-11,[38.43000031],[36.55803265]
1624,2019-07-12,[39.20999908],[36.68217288]
1625,2019-07-15,[39.36000061],[37.01951703]
1626,2019-07-16,[39.43000031],[37.21990364]
1627,2019-07-17,[39.15999985],[37.25407725]
1628,2019-07-18,[39.11999893],[37.15219959]
1629,2019-07-19,[39.47999954],[37.08947443]
1630,2019-07-22,[39.86000061],[37.21273615]
1631,2019-07-23,[40.70999908],[37.42196469]
1632,2019-07-24,[40.88000107],[37.77879187]
1633,2019-07-25,[40.75],[37.98668236]
1634,2019-07-26,[40.77000046],[37.95863304]
1635,2019-07-29,[40.68000031],[37.9156414]
1636,2019-07-30,[40.43000031],[37.89404794]
1637,2019-07-31,[40.34000015],[37.80382542]
1638,2019-08-01,[40.15000153],[37.72009604]
1639,2019-08-02,[39.77999878],[37.637129]
1640,2019-08-05,[39.00999832],[37.48168346]
1641,2019-08-06,[39.08000183],[37.14875503]
1642,2019-08-07,[39.38999939],[37.02459726]
1643,2019-08-08,[40.09999847],[37.16124008]
1644,2019-08-09,[39.61000061],[37.485905]
1645,2019-08-12,[38.86000061],[37.44880414]
1646,2019-08-13,[39.00999832],[37.07200584]
1647,2019-08-14,[37.18999863],[36.95866661]
1648,2019-08-15,[36.47000122],[36.41013528]
1649,2019-08-16,[37.],[35.83356301]
1650,2019-08-19,[37.36000061],[35.86345673]
1651,2019-08-20,[36.95999908],[36.14573193]
1652,2019-08-21,[37.11999893],[36.10021577]
1653,2019-08-22,[37.25999832],[36.03189437]
1654,2019-08-23,[36.06000137],[36.09604433]
1655,2019-08-26,[36.25],[35.75261027]
1656,2019-08-27,[35.88999939],[35.57863963]
1657,2019-08-28,[36.43999863],[35.48994219]
1658,2019-08-29,[36.90999985],[35.64212286]
1659,2019-08-30,[37.09000015],[35.89989726]
1660,2019-09-03,[36.90999985],[36.0511691]
1661,2019-09-04,[38.24000168],[36.00795966]
1662,2019-09-05,[38.72999954],[36.40471055]
1663,2019-09-06,[38.77999878],[36.83919483]
1664,2019-09-09,[39.58000183],[36.96280292]
1665,2019-09-10,[39.58000183],[37.19399222]
1666,2019-09-11,[39.45999908],[37.34110587]
1667,2019-09-12,[39.06999969],[37.3123096]
1668,2019-09-13,[38.86000061],[37.13352629]
1669,2019-09-16,[37.20999908],[36.98402175]
1670,2019-09-17,[38.29000092],[36.39693682]
1671,2019-09-18,[38.18000031],[36.44531596]
1672,2019-09-19,[37.77999878],[36.6342031]
1673,2019-09-20,[37.36999893],[36.52029025]
1674,2019-09-23,[37.24000168],[36.25279628]
1675,2019-09-24,[36.77000046],[36.12204402]
1676,2019-09-25,[37.11000061],[35.97049167]
1677,2019-09-26,[37.61000061],[36.00777025]
1678,2019-09-27,[37.41999817],[36.23812271]
1679,2019-09-30,[37.47999954],[36.28224952]
1680,2019-10-01,[36.11000061],[36.25021512]
1681,2019-10-02,[34.68000031],[35.78605033]
1682,2019-10-03,[34.97999954],[35.04867973]
1683,2019-10-04,[34.90999985],[34.87878413]
1684,2019-10-07,[34.75],[34.96253958]
1685,2019-10-08,[33.88000107],[34.93378134]
1686,2019-10-09,[34.13999939],[34.58204704]
1687,2019-10-10,[34.65999985],[34.48357167]
1688,2019-10-11,[35.56999969],[34.7183459]
1689,2019-10-14,[35.5],[35.15244317]
1690,2019-10-15,[36.25999832],[35.29751304]
1691,2019-10-16,[36.65000153],[35.51062326]
1692,2019-10-17,[36.18999863],[35.76886478]
1693,2019-10-18,[36.16999817],[35.71125165]
1694,2019-10-21,[35.93000031],[35.59885757]
1695,2019-10-22,[36.31000137],[35.5032443]
1696,2019-10-23,[36.61000061],[35.60440383]
1697,2019-10-24,[35.81999969],[35.78262367]
1698,2019-10-25,[36.74000168],[35.57767429]
1699,2019-10-28,[36.63999939],[35.70968541]
1700,2019-10-29,[38.20999908],[35.85145083]
1701,2019-10-30,[37.90999985],[36.38557848]
1702,2019-10-31,[37.15999985],[36.56857606]
1703,2019-11-01,[37.97000122],[36.24843472]
1704,2019-11-04,[38.38999939],[36.32923122]
1705,2019-11-05,[38.22999954],[36.65640191]
1706,2019-11-06,[38.41999817],[36.72242409]
1707,2019-11-07,[38.49000168],[36.71299156]
1708,2019-11-08,[38.66999817],[36.75049543]
1709,2019-11-11,[38.72000122],[36.84318305]
1710,2019-11-12,[38.59000015],[36.89638691]
1711,2019-11-13,[37.18999863],[36.85353323]
1712,2019-11-14,[36.79999924],[36.34726599]
1713,2019-11-15,[36.88999939],[35.93796751]
1714,2019-11-18,[36.61999893],[35.90718884]
1715,2019-11-19,[36.38000107],[35.88358765]
1716,2019-11-20,[35.27999878],[35.7505661]
1717,2019-11-21,[34.66999817],[35.31321136]
1718,2019-11-22,[35.33000183],[34.9000844]
1719,2019-11-25,[35.81000137],[35.01701086]
1720,2019-11-26,[35.90999985],[35.34069942]
1721,2019-11-27,[36.13999939],[35.4795572]
1722,2019-11-29,[36.],[35.53934545]
1723,2019-12-02,[35.88000107],[35.52137342]
1724,2019-12-03,[35.52999878],[35.46646714]
1725,2019-12-04,[35.79999924],[35.32935714]
1726,2019-12-05,[35.31000137],[35.35422612]
1727,2019-12-06,[35.54000092],[35.24890377]
1728,2019-12-09,[35.38000107],[35.23686086]
1729,2019-12-10,[35.11000061],[35.21755639]
1730,2019-12-11,[35.24000168],[35.10953002]
1731,2019-12-12,[36.09999847],[35.09328779]
1732,2019-12-13,[35.65000153],[35.40490732]
1733,2019-12-16,[36.11000061],[35.43636666]
1734,2019-12-17,[36.31000137],[35.49368682]
1735,2019-12-18,[37.31000137],[35.62110578]
1736,2019-12-19,[37.25999832],[36.01349497]
1737,2019-12-20,[37.25],[36.19073821]
1738,2019-12-23,[36.77000046],[36.16535316]
1739,2019-12-24,[36.58000183],[35.97253015]
1740,2019-12-26,[36.47999954],[35.82419282]
1741,2019-12-27,[36.56000137],[35.76623489]
